😀	Smileys & Emotion	grinning	smile happy	grinning face
😃	Smileys & Emotion	smiley	happy joy haha	grinning face with big eyes
😄	Smileys & Emotion	smile	happy joy laugh pleased	grinning face with smiling eyes
😁	Smileys & Emotion	grin		beaming face with smiling eyes
😆	Smileys & Emotion	laughing satisfied	happy haha	grinning squinting face
😅	Smileys & Emotion	sweat_smile	hot	grinning face with sweat
🤣	Smileys & Emotion	rofl	lol laughing	rolling on the floor laughing
😂	Smileys & Emotion	joy	tears	face with tears of joy
🙂	Smileys & Emotion	slightly_smiling_face		slightly smiling face
🙃	Smileys & Emotion	upside_down_face		upside-down face
🫠	Smileys & Emotion	melting_face	sarcasm dread	melting face
😉	Smileys & Emotion	wink	flirt	winking face
😊	Smileys & Emotion	blush	proud	smiling face with smiling eyes
😇	Smileys & Emotion	innocent	angel	smiling face with halo
🥰	Smileys & Emotion	smiling_face_with_three_hearts	love	smiling face with hearts
😍	Smileys & Emotion	heart_eyes	love crush	smiling face with heart-eyes
🤩	Smileys & Emotion	star_struck	eyes	star-struck
😘	Smileys & Emotion	kissing_heart	flirt	face blowing a kiss
😗	Smileys & Emotion	kissing		kissing face
☺️	Smileys & Emotion	relaxed	blush pleased	smiling face
😚	Smileys & Emotion	kissing_closed_eyes		kissing face with closed eyes
😙	Smileys & Emotion	kissing_smiling_eyes		kissing face with smiling eyes
🥲	Smileys & Emotion	smiling_face_with_tear		smiling face with tear
😋	Smileys & Emotion	yum	tongue lick	face savoring food
😛	Smileys & Emotion	stuck_out_tongue		face with tongue
😜	Smileys & Emotion	stuck_out_tongue_winking_eye	prank silly	winking face with tongue
🤪	Smileys & Emotion	zany_face	goofy wacky	zany face
😝	Smileys & Emotion	stuck_out_tongue_closed_eyes	prank	squinting face with tongue
🤑	Smileys & Emotion	money_mouth_face	rich	money-mouth face
🤗	Smileys & Emotion	hugs		smiling face with open hands
🤭	Smileys & Emotion	hand_over_mouth	quiet whoops	face with hand over mouth
🫢	Smileys & Emotion	face_with_open_eyes_and_hand_over_mouth	gasp shock	face with open eyes and hand over mouth
🫣	Smileys & Emotion	face_with_peeking_eye		face with peeking eye
🤫	Smileys & Emotion	shushing_face	silence quiet	shushing face
🤔	Smileys & Emotion	thinking		thinking face
🫡	Smileys & Emotion	saluting_face	respect	saluting face
🤐	Smileys & Emotion	zipper_mouth_face	silence hush	zipper-mouth face
🤨	Smileys & Emotion	raised_eyebrow	suspicious	face with raised eyebrow
😐	Smileys & Emotion	neutral_face	meh	neutral face
😑	Smileys & Emotion	expressionless		expressionless face
😶	Smileys & Emotion	no_mouth	mute silence	face without mouth
🫥	Smileys & Emotion	dotted_line_face	invisible	dotted line face
😶‍🌫️	Smileys & Emotion	face_in_clouds		face in clouds
😏	Smileys & Emotion	smirk	smug	smirking face
😒	Smileys & Emotion	unamused	meh	unamused face
🙄	Smileys & Emotion	roll_eyes		face with rolling eyes
😬	Smileys & Emotion	grimacing		grimacing face
😮‍💨	Smileys & Emotion	face_exhaling		face exhaling
🤥	Smileys & Emotion	lying_face	liar	lying face
🫨	Smileys & Emotion	shaking_face	shock	shaking face
😌	Smileys & Emotion	relieved	whew	relieved face
😔	Smileys & Emotion	pensive		pensive face
😪	Smileys & Emotion	sleepy	tired	sleepy face
🤤	Smileys & Emotion	drooling_face		drooling face
😴	Smileys & Emotion	sleeping	zzz	sleeping face
😷	Smileys & Emotion	mask	sick ill	face with medical mask
🤒	Smileys & Emotion	face_with_thermometer	sick	face with thermometer
🤕	Smileys & Emotion	face_with_head_bandage	hurt	face with head-bandage
🤢	Smileys & Emotion	nauseated_face	sick barf disgusted	nauseated face
🤮	Smileys & Emotion	vomiting_face	barf sick	face vomiting
🤧	Smileys & Emotion	sneezing_face	achoo sick	sneezing face
🥵	Smileys & Emotion	hot_face	heat sweating	hot face
🥶	Smileys & Emotion	cold_face	freezing ice	cold face
🥴	Smileys & Emotion	woozy_face	groggy	woozy face
😵	Smileys & Emotion	dizzy_face		face with crossed-out eyes
😵‍💫	Smileys & Emotion	face_with_spiral_eyes		face with spiral eyes
🤯	Smileys & Emotion	exploding_head	mind blown	exploding head
🤠	Smileys & Emotion	cowboy_hat_face		cowboy hat face
🥳	Smileys & Emotion	partying_face	celebration birthday	partying face
🥸	Smileys & Emotion	disguised_face		disguised face
😎	Smileys & Emotion	sunglasses	cool	smiling face with sunglasses
🤓	Smileys & Emotion	nerd_face	geek glasses	nerd face
🧐	Smileys & Emotion	monocle_face		face with monocle
😕	Smileys & Emotion	confused		confused face
🫤	Smileys & Emotion	face_with_diagonal_mouth	confused	face with diagonal mouth
😟	Smileys & Emotion	worried	nervous	worried face
🙁	Smileys & Emotion	slightly_frowning_face		slightly frowning face
☹️	Smileys & Emotion	frowning_face		frowning face
😮	Smileys & Emotion	open_mouth	surprise impressed wow	face with open mouth
😯	Smileys & Emotion	hushed	silence speechless	hushed face
😲	Smileys & Emotion	astonished	amazed gasp	astonished face
😳	Smileys & Emotion	flushed		flushed face
🥺	Smileys & Emotion	pleading_face	puppy eyes	pleading face
🥹	Smileys & Emotion	face_holding_back_tears	tears gratitude	face holding back tears
😦	Smileys & Emotion	frowning		frowning face with open mouth
😧	Smileys & Emotion	anguished	stunned	anguished face
😨	Smileys & Emotion	fearful	scared shocked oops	fearful face
😰	Smileys & Emotion	cold_sweat	nervous	anxious face with sweat
😥	Smileys & Emotion	disappointed_relieved	phew sweat nervous	sad but relieved face
😢	Smileys & Emotion	cry	sad tear	crying face
😭	Smileys & Emotion	sob	sad cry bawling	loudly crying face
😱	Smileys & Emotion	scream	horror shocked	face screaming in fear
😖	Smileys & Emotion	confounded		confounded face
😣	Smileys & Emotion	persevere	struggling	persevering face
😞	Smileys & Emotion	disappointed	sad	disappointed face
😓	Smileys & Emotion	sweat		downcast face with sweat
😩	Smileys & Emotion	weary	tired	weary face
😫	Smileys & Emotion	tired_face	upset whine	tired face
🥱	Smileys & Emotion	yawning_face		yawning face
😤	Smileys & Emotion	triumph	smug	face with steam from nose
😡	Smileys & Emotion	rage pout	angry	enraged face
😠	Smileys & Emotion	angry	mad annoyed	angry face
🤬	Smileys & Emotion	cursing_face	foul	face with symbols on mouth
😈	Smileys & Emotion	smiling_imp	devil evil horns	smiling face with horns
👿	Smileys & Emotion	imp	angry devil evil horns	angry face with horns
💀	Smileys & Emotion	skull	dead danger poison	skull
☠️	Smileys & Emotion	skull_and_crossbones	danger pirate	skull and crossbones
💩	Smileys & Emotion	hankey poop shit	crap	pile of poo
🤡	Smileys & Emotion	clown_face		clown face
👹	Smileys & Emotion	japanese_ogre	monster	ogre
👺	Smileys & Emotion	japanese_goblin		goblin
👻	Smileys & Emotion	ghost	halloween	ghost
👽	Smileys & Emotion	alien	ufo	alien
👾	Smileys & Emotion	space_invader	game retro	alien monster
🤖	Smileys & Emotion	robot		robot
😺	Smileys & Emotion	smiley_cat		grinning cat
😸	Smileys & Emotion	smile_cat		grinning cat with smiling eyes
😹	Smileys & Emotion	joy_cat		cat with tears of joy
😻	Smileys & Emotion	heart_eyes_cat		smiling cat with heart-eyes
😼	Smileys & Emotion	smirk_cat		cat with wry smile
😽	Smileys & Emotion	kissing_cat		kissing cat
🙀	Smileys & Emotion	scream_cat	horror	weary cat
😿	Smileys & Emotion	crying_cat_face	sad tear	crying cat
😾	Smileys & Emotion	pouting_cat		pouting cat
🙈	Smileys & Emotion	see_no_evil	monkey blind ignore	see-no-evil monkey
🙉	Smileys & Emotion	hear_no_evil	monkey deaf	hear-no-evil monkey
🙊	Smileys & Emotion	speak_no_evil	monkey mute hush	speak-no-evil monkey
💌	Smileys & Emotion	love_letter	email envelope	love letter
💘	Smileys & Emotion	cupid	love heart	heart with arrow
💝	Smileys & Emotion	gift_heart	chocolates	heart with ribbon
💖	Smileys & Emotion	sparkling_heart		sparkling heart
💗	Smileys & Emotion	heartpulse		growing heart
💓	Smileys & Emotion	heartbeat		beating heart
💞	Smileys & Emotion	revolving_hearts		revolving hearts
💕	Smileys & Emotion	two_hearts		two hearts
💟	Smileys & Emotion	heart_decoration		heart decoration
❣️	Smileys & Emotion	heavy_heart_exclamation		heart exclamation
💔	Smileys & Emotion	broken_heart		broken heart
❤️‍🔥	Smileys & Emotion	heart_on_fire		heart on fire
❤️‍🩹	Smileys & Emotion	mending_heart		mending heart
❤️	Smileys & Emotion	heart	love	red heart
🩷	Smileys & Emotion	pink_heart		pink heart
🧡	Smileys & Emotion	orange_heart		orange heart
💛	Smileys & Emotion	yellow_heart		yellow heart
💚	Smileys & Emotion	green_heart		green heart
💙	Smileys & Emotion	blue_heart		blue heart
🩵	Smileys & Emotion	light_blue_heart		light blue heart
💜	Smileys & Emotion	purple_heart		purple heart
🤎	Smileys & Emotion	brown_heart		brown heart
🖤	Smileys & Emotion	black_heart		black heart
🩶	Smileys & Emotion	grey_heart		grey heart
🤍	Smileys & Emotion	white_heart		white heart
💋	Smileys & Emotion	kiss	lipstick	kiss mark
💯	Smileys & Emotion	100	score perfect	hundred points
💢	Smileys & Emotion	anger	angry	anger symbol
💥	Smileys & Emotion	boom collision	explode	collision
💫	Smileys & Emotion	dizzy	star	dizzy
💦	Smileys & Emotion	sweat_drops	water workout	sweat droplets
💨	Smileys & Emotion	dash	wind blow fast	dashing away
🕳️	Smileys & Emotion	hole		hole
💬	Smileys & Emotion	speech_balloon	comment	speech balloon
👁️‍🗨️	Smileys & Emotion	eye_speech_bubble		eye in speech bubble
🗨️	Smileys & Emotion	left_speech_bubble		left speech bubble
🗯️	Smileys & Emotion	right_anger_bubble		right anger bubble
💭	Smileys & Emotion	thought_balloon	thinking	thought balloon
💤	Smileys & Emotion	zzz	sleeping	ZZZ
👋	People & Body	wave	goodbye	waving hand
🤚	People & Body	raised_back_of_hand		raised back of hand
🖐️	People & Body	raised_hand_with_fingers_splayed		hand with fingers splayed
✋	People & Body	hand raised_hand	highfive stop	raised hand
🖖	People & Body	vulcan_salute	prosper spock	vulcan salute
🫱	People & Body	rightwards_hand		rightwards hand
🫲	People & Body	leftwards_hand		leftwards hand
🫳	People & Body	palm_down_hand		palm down hand
🫴	People & Body	palm_up_hand		palm up hand
🫷	People & Body	leftwards_pushing_hand		leftwards pushing hand
🫸	People & Body	rightwards_pushing_hand		rightwards pushing hand
👌	People & Body	ok_hand		OK hand
🤌	People & Body	pinched_fingers		pinched fingers
🤏	People & Body	pinching_hand		pinching hand
✌️	People & Body	v	victory peace	victory hand
🤞	People & Body	crossed_fingers	luck hopeful	crossed fingers
🫰	People & Body	hand_with_index_finger_and_thumb_crossed		hand with index finger and thumb crossed
🤟	People & Body	love_you_gesture		love-you gesture
🤘	People & Body	metal		sign of the horns
🤙	People & Body	call_me_hand		call me hand
👈	People & Body	point_left		backhand index pointing left
👉	People & Body	point_right		backhand index pointing right
👆	People & Body	point_up_2		backhand index pointing up
🖕	People & Body	middle_finger fu		middle finger
👇	People & Body	point_down		backhand index pointing down
☝️	People & Body	point_up		index pointing up
🫵	People & Body	index_pointing_at_the_viewer		index pointing at the viewer
👍	People & Body	+1 thumbsup	approve ok	thumbs up
👎	People & Body	-1 thumbsdown	disapprove bury	thumbs down
✊	People & Body	fist_raised fist	power	raised fist
👊	People & Body	fist_oncoming facepunch punch	attack	oncoming fist
🤛	People & Body	fist_left		left-facing fist
🤜	People & Body	fist_right		right-facing fist
👏	People & Body	clap	praise applause	clapping hands
🙌	People & Body	raised_hands	hooray	raising hands
🫶	People & Body	heart_hands	love	heart hands
👐	People & Body	open_hands		open hands
🤲	People & Body	palms_up_together		palms up together
🤝	People & Body	handshake	deal	handshake
🙏	People & Body	pray	please hope wish	folded hands
✍️	People & Body	writing_hand		writing hand
💅	People & Body	nail_care	beauty manicure	nail polish
🤳	People & Body	selfie		selfie
💪	People & Body	muscle	flex bicep strong workout	flexed biceps
🦾	People & Body	mechanical_arm		mechanical arm
🦿	People & Body	mechanical_leg		mechanical leg
🦵	People & Body	leg		leg
🦶	People & Body	foot		foot
👂	People & Body	ear	hear sound listen	ear
🦻	People & Body	ear_with_hearing_aid		ear with hearing aid
👃	People & Body	nose	smell	nose
🧠	People & Body	brain		brain
🫀	People & Body	anatomical_heart		anatomical heart
🫁	People & Body	lungs		lungs
🦷	People & Body	tooth		tooth
🦴	People & Body	bone		bone
👀	People & Body	eyes	look see watch	eyes
👁️	People & Body	eye		eye
👅	People & Body	tongue	taste	tongue
👄	People & Body	lips	kiss	mouth
🫦	People & Body	biting_lip		biting lip
👶	People & Body	baby	child newborn	baby
🧒	People & Body	child		child
👦	People & Body	boy	child	boy
👧	People & Body	girl	child	girl
🧑	People & Body	adult		person
👱	People & Body	blond_haired_person		person: blond hair
👨	People & Body	man	mustache father dad	man
🧔	People & Body	bearded_person		person: beard
🧔‍♂️	People & Body	man_beard		man: beard
🧔‍♀️	People & Body	woman_beard		woman: beard
👨‍🦰	People & Body	red_haired_man		man: red hair
👨‍🦱	People & Body	curly_haired_man		man: curly hair
👨‍🦳	People & Body	white_haired_man		man: white hair
👨‍🦲	People & Body	bald_man		man: bald
👩	People & Body	woman	girls	woman
👩‍🦰	People & Body	red_haired_woman		woman: red hair
🧑‍🦰	People & Body	person_red_hair		person: red hair
👩‍🦱	People & Body	curly_haired_woman		woman: curly hair
🧑‍🦱	People & Body	person_curly_hair		person: curly hair
👩‍🦳	People & Body	white_haired_woman		woman: white hair
🧑‍🦳	People & Body	person_white_hair		person: white hair
👩‍🦲	People & Body	bald_woman		woman: bald
🧑‍🦲	People & Body	person_bald		person: bald
👱‍♀️	People & Body	blond_haired_woman blonde_woman		woman: blond hair
👱‍♂️	People & Body	blond_haired_man		man: blond hair
🧓	People & Body	older_adult		older person
👴	People & Body	older_man		old man
👵	People & Body	older_woman		old woman
🙍	People & Body	frowning_person		person frowning
🙍‍♂️	People & Body	frowning_man		man frowning
🙍‍♀️	People & Body	frowning_woman		woman frowning
🙎	People & Body	pouting_face		person pouting
🙎‍♂️	People & Body	pouting_man		man pouting
🙎‍♀️	People & Body	pouting_woman		woman pouting
🙅	People & Body	no_good	stop halt denied	person gesturing NO
🙅‍♂️	People & Body	no_good_man ng_man	stop halt denied	man gesturing NO
🙅‍♀️	People & Body	no_good_woman ng_woman	stop halt denied	woman gesturing NO
🙆	People & Body	ok_person		person gesturing OK
🙆‍♂️	People & Body	ok_man		man gesturing OK
🙆‍♀️	People & Body	ok_woman		woman gesturing OK
💁	People & Body	tipping_hand_person information_desk_person		person tipping hand
💁‍♂️	People & Body	tipping_hand_man sassy_man	information	man tipping hand
💁‍♀️	People & Body	tipping_hand_woman sassy_woman	information	woman tipping hand
🙋	People & Body	raising_hand		person raising hand
🙋‍♂️	People & Body	raising_hand_man		man raising hand
🙋‍♀️	People & Body	raising_hand_woman		woman raising hand
🧏	People & Body	deaf_person		deaf person
🧏‍♂️	People & Body	deaf_man		deaf man
🧏‍♀️	People & Body	deaf_woman		deaf woman
🙇	People & Body	bow	respect thanks	person bowing
🙇‍♂️	People & Body	bowing_man	respect thanks	man bowing
🙇‍♀️	People & Body	bowing_woman	respect thanks	woman bowing
🤦	People & Body	facepalm		person facepalming
🤦‍♂️	People & Body	man_facepalming		man facepalming
🤦‍♀️	People & Body	woman_facepalming		woman facepalming
🤷	People & Body	shrug		person shrugging
🤷‍♂️	People & Body	man_shrugging		man shrugging
🤷‍♀️	People & Body	woman_shrugging		woman shrugging
🧑‍⚕️	People & Body	health_worker		health worker
👨‍⚕️	People & Body	man_health_worker	doctor nurse	man health worker
👩‍⚕️	People & Body	woman_health_worker	doctor nurse	woman health worker
🧑‍🎓	People & Body	student		student
👨‍🎓	People & Body	man_student	graduation	man student
👩‍🎓	People & Body	woman_student	graduation	woman student
🧑‍🏫	People & Body	teacher		teacher
👨‍🏫	People & Body	man_teacher	school professor	man teacher
👩‍🏫	People & Body	woman_teacher	school professor	woman teacher
🧑‍⚖️	People & Body	judge		judge
👨‍⚖️	People & Body	man_judge	justice	man judge
👩‍⚖️	People & Body	woman_judge	justice	woman judge
🧑‍🌾	People & Body	farmer		farmer
👨‍🌾	People & Body	man_farmer		man farmer
👩‍🌾	People & Body	woman_farmer		woman farmer
🧑‍🍳	People & Body	cook		cook
👨‍🍳	People & Body	man_cook	chef	man cook
👩‍🍳	People & Body	woman_cook	chef	woman cook
🧑‍🔧	People & Body	mechanic		mechanic
👨‍🔧	People & Body	man_mechanic		man mechanic
👩‍🔧	People & Body	woman_mechanic		woman mechanic
🧑‍🏭	People & Body	factory_worker		factory worker
👨‍🏭	People & Body	man_factory_worker		man factory worker
👩‍🏭	People & Body	woman_factory_worker		woman factory worker
🧑‍💼	People & Body	office_worker		office worker
👨‍💼	People & Body	man_office_worker	business	man office worker
👩‍💼	People & Body	woman_office_worker	business	woman office worker
🧑‍🔬	People & Body	scientist		scientist
👨‍🔬	People & Body	man_scientist	research	man scientist
👩‍🔬	People & Body	woman_scientist	research	woman scientist
🧑‍💻	People & Body	technologist		technologist
👨‍💻	People & Body	man_technologist	coder	man technologist
👩‍💻	People & Body	woman_technologist	coder	woman technologist
🧑‍🎤	People & Body	singer		singer
👨‍🎤	People & Body	man_singer	rockstar	man singer
👩‍🎤	People & Body	woman_singer	rockstar	woman singer
🧑‍🎨	People & Body	artist		artist
👨‍🎨	People & Body	man_artist	painter	man artist
👩‍🎨	People & Body	woman_artist	painter	woman artist
🧑‍✈️	People & Body	pilot		pilot
👨‍✈️	People & Body	man_pilot		man pilot
👩‍✈️	People & Body	woman_pilot		woman pilot
🧑‍🚀	People & Body	astronaut		astronaut
👨‍🚀	People & Body	man_astronaut	space	man astronaut
👩‍🚀	People & Body	woman_astronaut	space	woman astronaut
🧑‍🚒	People & Body	firefighter		firefighter
👨‍🚒	People & Body	man_firefighter		man firefighter
👩‍🚒	People & Body	woman_firefighter		woman firefighter
👮	People & Body	police_officer cop	law	police officer
👮‍♂️	People & Body	policeman	law cop	man police officer
👮‍♀️	People & Body	policewoman	law cop	woman police officer
🕵️	People & Body	detective	sleuth	detective
🕵️‍♂️	People & Body	male_detective	sleuth	man detective
🕵️‍♀️	People & Body	female_detective	sleuth	woman detective
💂	People & Body	guard		guard
💂‍♂️	People & Body	guardsman		man guard
💂‍♀️	People & Body	guardswoman		woman guard
🥷	People & Body	ninja		ninja
👷	People & Body	construction_worker	helmet	construction worker
👷‍♂️	People & Body	construction_worker_man	helmet	man construction worker
👷‍♀️	People & Body	construction_worker_woman	helmet	woman construction worker
🫅	People & Body	person_with_crown		person with crown
🤴	People & Body	prince	crown royal	prince
👸	People & Body	princess	crown royal	princess
👳	People & Body	person_with_turban		person wearing turban
👳‍♂️	People & Body	man_with_turban		man wearing turban
👳‍♀️	People & Body	woman_with_turban		woman wearing turban
👲	People & Body	man_with_gua_pi_mao		person with skullcap
🧕	People & Body	woman_with_headscarf	hijab	woman with headscarf
🤵	People & Body	person_in_tuxedo	groom marriage wedding	person in tuxedo
🤵‍♂️	People & Body	man_in_tuxedo		man in tuxedo
🤵‍♀️	People & Body	woman_in_tuxedo		woman in tuxedo
👰	People & Body	person_with_veil	marriage wedding	person with veil
👰‍♂️	People & Body	man_with_veil		man with veil
👰‍♀️	People & Body	woman_with_veil bride_with_veil		woman with veil
🤰	People & Body	pregnant_woman		pregnant woman
🫃	People & Body	pregnant_man		pregnant man
🫄	People & Body	pregnant_person		pregnant person
🤱	People & Body	breast_feeding	nursing	breast-feeding
👩‍🍼	People & Body	woman_feeding_baby		woman feeding baby
👨‍🍼	People & Body	man_feeding_baby		man feeding baby
🧑‍🍼	People & Body	person_feeding_baby		person feeding baby
👼	People & Body	angel		baby angel
🎅	People & Body	santa	christmas	Santa Claus
🤶	People & Body	mrs_claus	santa	Mrs. Claus
🧑‍🎄	People & Body	mx_claus		mx claus
🦸	People & Body	superhero		superhero
🦸‍♂️	People & Body	superhero_man		man superhero
🦸‍♀️	People & Body	superhero_woman		woman superhero
🦹	People & Body	supervillain		supervillain
🦹‍♂️	People & Body	supervillain_man		man supervillain
🦹‍♀️	People & Body	supervillain_woman		woman supervillain
🧙	People & Body	mage	wizard	mage
🧙‍♂️	People & Body	mage_man	wizard	man mage
🧙‍♀️	People & Body	mage_woman	wizard	woman mage
🧚	People & Body	fairy		fairy
🧚‍♂️	People & Body	fairy_man		man fairy
🧚‍♀️	People & Body	fairy_woman		woman fairy
🧛	People & Body	vampire		vampire
🧛‍♂️	People & Body	vampire_man		man vampire
🧛‍♀️	People & Body	vampire_woman		woman vampire
🧜	People & Body	merperson		merperson
🧜‍♂️	People & Body	merman		merman
🧜‍♀️	People & Body	mermaid		mermaid
🧝	People & Body	elf		elf
🧝‍♂️	People & Body	elf_man		man elf
🧝‍♀️	People & Body	elf_woman		woman elf
🧞	People & Body	genie		genie
🧞‍♂️	People & Body	genie_man		man genie
🧞‍♀️	People & Body	genie_woman		woman genie
🧟	People & Body	zombie		zombie
🧟‍♂️	People & Body	zombie_man		man zombie
🧟‍♀️	People & Body	zombie_woman		woman zombie
🧌	People & Body	troll		troll
💆	People & Body	massage	spa	person getting massage
💆‍♂️	People & Body	massage_man	spa	man getting massage
💆‍♀️	People & Body	massage_woman	spa	woman getting massage
💇	People & Body	haircut	beauty	person getting haircut
💇‍♂️	People & Body	haircut_man		man getting haircut
💇‍♀️	People & Body	haircut_woman		woman getting haircut
🚶	People & Body	walking		person walking
🚶‍♂️	People & Body	walking_man		man walking
🚶‍♀️	People & Body	walking_woman		woman walking
🧍	People & Body	standing_person		person standing
🧍‍♂️	People & Body	standing_man		man standing
🧍‍♀️	People & Body	standing_woman		woman standing
🧎	People & Body	kneeling_person		person kneeling
🧎‍♂️	People & Body	kneeling_man		man kneeling
🧎‍♀️	People & Body	kneeling_woman		woman kneeling
🧑‍🦯	People & Body	person_with_probing_cane		person with white cane
👨‍🦯	People & Body	man_with_probing_cane		man with white cane
👩‍🦯	People & Body	woman_with_probing_cane		woman with white cane
🧑‍🦼	People & Body	person_in_motorized_wheelchair		person in motorized wheelchair
👨‍🦼	People & Body	man_in_motorized_wheelchair		man in motorized wheelchair
👩‍🦼	People & Body	woman_in_motorized_wheelchair		woman in motorized wheelchair
🧑‍🦽	People & Body	person_in_manual_wheelchair		person in manual wheelchair
👨‍🦽	People & Body	man_in_manual_wheelchair		man in manual wheelchair
👩‍🦽	People & Body	woman_in_manual_wheelchair		woman in manual wheelchair
🏃	People & Body	runner running	exercise workout marathon	person running
🏃‍♂️	People & Body	running_man	exercise workout marathon	man running
🏃‍♀️	People & Body	running_woman	exercise workout marathon	woman running
💃	People & Body	woman_dancing dancer	dress	woman dancing
🕺	People & Body	man_dancing	dancer	man dancing
🕴️	People & Body	business_suit_levitating		person in suit levitating
👯	People & Body	dancers	bunny	people with bunny ears
👯‍♂️	People & Body	dancing_men	bunny	men with bunny ears
👯‍♀️	People & Body	dancing_women	bunny	women with bunny ears
🧖	People & Body	sauna_person	steamy	person in steamy room
🧖‍♂️	People & Body	sauna_man	steamy	man in steamy room
🧖‍♀️	People & Body	sauna_woman	steamy	woman in steamy room
🧗	People & Body	climbing	bouldering	person climbing
🧗‍♂️	People & Body	climbing_man	bouldering	man climbing
🧗‍♀️	People & Body	climbing_woman	bouldering	woman climbing
🤺	People & Body	person_fencing		person fencing
🏇	People & Body	horse_racing		horse racing
⛷️	People & Body	skier		skier
🏂	People & Body	snowboarder		snowboarder
🏌️	People & Body	golfing		person golfing
🏌️‍♂️	People & Body	golfing_man		man golfing
🏌️‍♀️	People & Body	golfing_woman		woman golfing
🏄	People & Body	surfer		person surfing
🏄‍♂️	People & Body	surfing_man		man surfing
🏄‍♀️	People & Body	surfing_woman		woman surfing
🚣	People & Body	rowboat		person rowing boat
🚣‍♂️	People & Body	rowing_man		man rowing boat
🚣‍♀️	People & Body	rowing_woman		woman rowing boat
🏊	People & Body	swimmer		person swimming
🏊‍♂️	People & Body	swimming_man		man swimming
🏊‍♀️	People & Body	swimming_woman		woman swimming
⛹️	People & Body	bouncing_ball_person	basketball	person bouncing ball
⛹️‍♂️	People & Body	bouncing_ball_man basketball_man		man bouncing ball
⛹️‍♀️	People & Body	bouncing_ball_woman basketball_woman		woman bouncing ball
🏋️	People & Body	weight_lifting	gym workout	person lifting weights
🏋️‍♂️	People & Body	weight_lifting_man	gym workout	man lifting weights
🏋️‍♀️	People & Body	weight_lifting_woman	gym workout	woman lifting weights
🚴	People & Body	bicyclist		person biking
🚴‍♂️	People & Body	biking_man		man biking
🚴‍♀️	People & Body	biking_woman		woman biking
🚵	People & Body	mountain_bicyclist		person mountain biking
🚵‍♂️	People & Body	mountain_biking_man		man mountain biking
🚵‍♀️	People & Body	mountain_biking_woman		woman mountain biking
🤸	People & Body	cartwheeling		person cartwheeling
🤸‍♂️	People & Body	man_cartwheeling		man cartwheeling
🤸‍♀️	People & Body	woman_cartwheeling		woman cartwheeling
🤼	People & Body	wrestling		people wrestling
🤼‍♂️	People & Body	men_wrestling		men wrestling
🤼‍♀️	People & Body	women_wrestling		women wrestling
🤽	People & Body	water_polo		person playing water polo
🤽‍♂️	People & Body	man_playing_water_polo		man playing water polo
🤽‍♀️	People & Body	woman_playing_water_polo		woman playing water polo
🤾	People & Body	handball_person		person playing handball
🤾‍♂️	People & Body	man_playing_handball		man playing handball
🤾‍♀️	People & Body	woman_playing_handball		woman playing handball
🤹	People & Body	juggling_person		person juggling
🤹‍♂️	People & Body	man_juggling		man juggling
🤹‍♀️	People & Body	woman_juggling		woman juggling
🧘	People & Body	lotus_position	meditation	person in lotus position
🧘‍♂️	People & Body	lotus_position_man	meditation	man in lotus position
🧘‍♀️	People & Body	lotus_position_woman	meditation	woman in lotus position
🛀	People & Body	bath	shower	person taking bath
🛌	People & Body	sleeping_bed		person in bed
🧑‍🤝‍🧑	People & Body	people_holding_hands	couple date	people holding hands
👭	People & Body	two_women_holding_hands	couple date	women holding hands
👫	People & Body	couple	date	woman and man holding hands
👬	People & Body	two_men_holding_hands	couple date	men holding hands
💏	People & Body	couplekiss		kiss
👩‍❤️‍💋‍👨	People & Body	couplekiss_man_woman		kiss: woman, man
👨‍❤️‍💋‍👨	People & Body	couplekiss_man_man		kiss: man, man
👩‍❤️‍💋‍👩	People & Body	couplekiss_woman_woman		kiss: woman, woman
💑	People & Body	couple_with_heart		couple with heart
👩‍❤️‍👨	People & Body	couple_with_heart_woman_man		couple with heart: woman, man
👨‍❤️‍👨	People & Body	couple_with_heart_man_man		couple with heart: man, man
👩‍❤️‍👩	People & Body	couple_with_heart_woman_woman		couple with heart: woman, woman
👪	People & Body	family	home parents child	family
👨‍👩‍👦	People & Body	family_man_woman_boy		family: man, woman, boy
👨‍👩‍👧	People & Body	family_man_woman_girl		family: man, woman, girl
👨‍👩‍👧‍👦	People & Body	family_man_woman_girl_boy		family: man, woman, girl, boy
👨‍👩‍👦‍👦	People & Body	family_man_woman_boy_boy		family: man, woman, boy, boy
👨‍👩‍👧‍👧	People & Body	family_man_woman_girl_girl		family: man, woman, girl, girl
👨‍👨‍👦	People & Body	family_man_man_boy		family: man, man, boy
👨‍👨‍👧	People & Body	family_man_man_girl		family: man, man, girl
👨‍👨‍👧‍👦	People & Body	family_man_man_girl_boy		family: man, man, girl, boy
👨‍👨‍👦‍👦	People & Body	family_man_man_boy_boy		family: man, man, boy, boy
👨‍👨‍👧‍👧	People & Body	family_man_man_girl_girl		family: man, man, girl, girl
👩‍👩‍👦	People & Body	family_woman_woman_boy		family: woman, woman, boy
👩‍👩‍👧	People & Body	family_woman_woman_girl		family: woman, woman, girl
👩‍👩‍👧‍👦	People & Body	family_woman_woman_girl_boy		family: woman, woman, girl, boy
👩‍👩‍👦‍👦	People & Body	family_woman_woman_boy_boy		family: woman, woman, boy, boy
👩‍👩‍👧‍👧	People & Body	family_woman_woman_girl_girl		family: woman, woman, girl, girl
👨‍👦	People & Body	family_man_boy		family: man, boy
👨‍👦‍👦	People & Body	family_man_boy_boy		family: man, boy, boy
👨‍👧	People & Body	family_man_girl		family: man, girl
👨‍👧‍👦	People & Body	family_man_girl_boy		family: man, girl, boy
👨‍👧‍👧	People & Body	family_man_girl_girl		family: man, girl, girl
👩‍👦	People & Body	family_woman_boy		family: woman, boy
👩‍👦‍👦	People & Body	family_woman_boy_boy		family: woman, boy, boy
👩‍👧	People & Body	family_woman_girl		family: woman, girl
👩‍👧‍👦	People & Body	family_woman_girl_boy		family: woman, girl, boy
👩‍👧‍👧	People & Body	family_woman_girl_girl		family: woman, girl, girl
🗣️	People & Body	speaking_head		speaking head
👤	People & Body	bust_in_silhouette	user	bust in silhouette
👥	People & Body	busts_in_silhouette	users group team	busts in silhouette
🫂	People & Body	people_hugging		people hugging
👣	People & Body	footprints	feet tracks	footprints
🐵	Animals & Nature	monkey_face		monkey face
🐒	Animals & Nature	monkey		monkey
🦍	Animals & Nature	gorilla		gorilla
🦧	Animals & Nature	orangutan		orangutan
🐶	Animals & Nature	dog	pet	dog face
🐕	Animals & Nature	dog2		dog
🦮	Animals & Nature	guide_dog		guide dog
🐕‍🦺	Animals & Nature	service_dog		service dog
🐩	Animals & Nature	poodle	dog	poodle
🐺	Animals & Nature	wolf		wolf
🦊	Animals & Nature	fox_face		fox
🦝	Animals & Nature	raccoon		raccoon
🐱	Animals & Nature	cat	pet	cat face
🐈	Animals & Nature	cat2		cat
🐈‍⬛	Animals & Nature	black_cat		black cat
🦁	Animals & Nature	lion		lion
🐯	Animals & Nature	tiger		tiger face
🐅	Animals & Nature	tiger2		tiger
🐆	Animals & Nature	leopard		leopard
🐴	Animals & Nature	horse		horse face
🫎	Animals & Nature	moose	canada	moose
🫏	Animals & Nature	donkey	mule	donkey
🐎	Animals & Nature	racehorse	speed	horse
🦄	Animals & Nature	unicorn		unicorn
🦓	Animals & Nature	zebra		zebra
🦌	Animals & Nature	deer		deer
🦬	Animals & Nature	bison		bison
🐮	Animals & Nature	cow		cow face
🐂	Animals & Nature	ox		ox
🐃	Animals & Nature	water_buffalo		water buffalo
🐄	Animals & Nature	cow2		cow
🐷	Animals & Nature	pig		pig face
🐖	Animals & Nature	pig2		pig
🐗	Animals & Nature	boar		boar
🐽	Animals & Nature	pig_nose		pig nose
🐏	Animals & Nature	ram		ram
🐑	Animals & Nature	sheep		ewe
🐐	Animals & Nature	goat		goat
🐪	Animals & Nature	dromedary_camel	desert	camel
🐫	Animals & Nature	camel		two-hump camel
🦙	Animals & Nature	llama		llama
🦒	Animals & Nature	giraffe		giraffe
🐘	Animals & Nature	elephant		elephant
🦣	Animals & Nature	mammoth		mammoth
🦏	Animals & Nature	rhinoceros		rhinoceros
🦛	Animals & Nature	hippopotamus		hippopotamus
🐭	Animals & Nature	mouse		mouse face
🐁	Animals & Nature	mouse2		mouse
🐀	Animals & Nature	rat		rat
🐹	Animals & Nature	hamster	pet	hamster
🐰	Animals & Nature	rabbit	bunny	rabbit face
🐇	Animals & Nature	rabbit2		rabbit
🐿️	Animals & Nature	chipmunk		chipmunk
🦫	Animals & Nature	beaver		beaver
🦔	Animals & Nature	hedgehog		hedgehog
🦇	Animals & Nature	bat		bat
🐻	Animals & Nature	bear		bear
🐻‍❄️	Animals & Nature	polar_bear		polar bear
🐨	Animals & Nature	koala		koala
🐼	Animals & Nature	panda_face		panda
🦥	Animals & Nature	sloth		sloth
🦦	Animals & Nature	otter		otter
🦨	Animals & Nature	skunk		skunk
🦘	Animals & Nature	kangaroo		kangaroo
🦡	Animals & Nature	badger		badger
🐾	Animals & Nature	feet paw_prints		paw prints
🦃	Animals & Nature	turkey	thanksgiving	turkey
🐔	Animals & Nature	chicken		chicken
🐓	Animals & Nature	rooster		rooster
🐣	Animals & Nature	hatching_chick		hatching chick
🐤	Animals & Nature	baby_chick		baby chick
🐥	Animals & Nature	hatched_chick		front-facing baby chick
🐦	Animals & Nature	bird		bird
🐧	Animals & Nature	penguin		penguin
🕊️	Animals & Nature	dove	peace	dove
🦅	Animals & Nature	eagle		eagle
🦆	Animals & Nature	duck		duck
🦢	Animals & Nature	swan		swan
🦉	Animals & Nature	owl		owl
🦤	Animals & Nature	dodo		dodo
🪶	Animals & Nature	feather		feather
🦩	Animals & Nature	flamingo		flamingo
🦚	Animals & Nature	peacock		peacock
🦜	Animals & Nature	parrot		parrot
🪽	Animals & Nature	wing	fly	wing
🐦‍⬛	Animals & Nature	black_bird		black bird
🪿	Animals & Nature	goose	honk	goose
🐸	Animals & Nature	frog		frog
🐊	Animals & Nature	crocodile		crocodile
🐢	Animals & Nature	turtle	slow	turtle
🦎	Animals & Nature	lizard		lizard
🐍	Animals & Nature	snake		snake
🐲	Animals & Nature	dragon_face		dragon face
🐉	Animals & Nature	dragon		dragon
🦕	Animals & Nature	sauropod	dinosaur	sauropod
🦖	Animals & Nature	t-rex	dinosaur	T-Rex
🐳	Animals & Nature	whale	sea	spouting whale
🐋	Animals & Nature	whale2		whale
🐬	Animals & Nature	dolphin flipper		dolphin
🦭	Animals & Nature	seal		seal
🐟	Animals & Nature	fish		fish
🐠	Animals & Nature	tropical_fish		tropical fish
🐡	Animals & Nature	blowfish		blowfish
🦈	Animals & Nature	shark		shark
🐙	Animals & Nature	octopus		octopus
🐚	Animals & Nature	shell	sea beach	spiral shell
🪸	Animals & Nature	coral		coral
🪼	Animals & Nature	jellyfish		jellyfish
🐌	Animals & Nature	snail	slow	snail
🦋	Animals & Nature	butterfly		butterfly
🐛	Animals & Nature	bug		bug
🐜	Animals & Nature	ant		ant
🐝	Animals & Nature	bee honeybee		honeybee
🪲	Animals & Nature	beetle		beetle
🐞	Animals & Nature	lady_beetle	bug	lady beetle
🦗	Animals & Nature	cricket		cricket
🪳	Animals & Nature	cockroach		cockroach
🕷️	Animals & Nature	spider		spider
🕸️	Animals & Nature	spider_web		spider web
🦂	Animals & Nature	scorpion		scorpion
🦟	Animals & Nature	mosquito		mosquito
🪰	Animals & Nature	fly		fly
🪱	Animals & Nature	worm		worm
🦠	Animals & Nature	microbe	germ	microbe
💐	Animals & Nature	bouquet	flowers	bouquet
🌸	Animals & Nature	cherry_blossom	flower spring	cherry blossom
💮	Animals & Nature	white_flower		white flower
🪷	Animals & Nature	lotus		lotus
🏵️	Animals & Nature	rosette		rosette
🌹	Animals & Nature	rose	flower	rose
🥀	Animals & Nature	wilted_flower		wilted flower
🌺	Animals & Nature	hibiscus		hibiscus
🌻	Animals & Nature	sunflower		sunflower
🌼	Animals & Nature	blossom		blossom
🌷	Animals & Nature	tulip	flower	tulip
🪻	Animals & Nature	hyacinth		hyacinth
🌱	Animals & Nature	seedling	plant	seedling
🪴	Animals & Nature	potted_plant		potted plant
🌲	Animals & Nature	evergreen_tree	wood	evergreen tree
🌳	Animals & Nature	deciduous_tree	wood	deciduous tree
🌴	Animals & Nature	palm_tree		palm tree
🌵	Animals & Nature	cactus		cactus
🌾	Animals & Nature	ear_of_rice		sheaf of rice
🌿	Animals & Nature	herb		herb
☘️	Animals & Nature	shamrock		shamrock
🍀	Animals & Nature	four_leaf_clover	luck	four leaf clover
🍁	Animals & Nature	maple_leaf	canada	maple leaf
🍂	Animals & Nature	fallen_leaf	autumn	fallen leaf
🍃	Animals & Nature	leaves	leaf	leaf fluttering in wind
🪹	Animals & Nature	empty_nest		empty nest
🪺	Animals & Nature	nest_with_eggs		nest with eggs
🍄	Animals & Nature	mushroom	fungus	mushroom
🍇	Food & Drink	grapes		grapes
🍈	Food & Drink	melon		melon
🍉	Food & Drink	watermelon		watermelon
🍊	Food & Drink	tangerine orange mandarin		tangerine
🍋	Food & Drink	lemon		lemon
🍌	Food & Drink	banana	fruit	banana
🍍	Food & Drink	pineapple		pineapple
🥭	Food & Drink	mango		mango
🍎	Food & Drink	apple		red apple
🍏	Food & Drink	green_apple	fruit	green apple
🍐	Food & Drink	pear		pear
🍑	Food & Drink	peach		peach
🍒	Food & Drink	cherries	fruit	cherries
🍓	Food & Drink	strawberry	fruit	strawberry
🫐	Food & Drink	blueberries		blueberries
🥝	Food & Drink	kiwi_fruit		kiwi fruit
🍅	Food & Drink	tomato		tomato
🫒	Food & Drink	olive		olive
🥥	Food & Drink	coconut		coconut
🥑	Food & Drink	avocado		avocado
🍆	Food & Drink	eggplant	aubergine	eggplant
🥔	Food & Drink	potato		potato
🥕	Food & Drink	carrot		carrot
🌽	Food & Drink	corn		ear of corn
🌶️	Food & Drink	hot_pepper	spicy	hot pepper
🫑	Food & Drink	bell_pepper		bell pepper
🥒	Food & Drink	cucumber		cucumber
🥬	Food & Drink	leafy_green		leafy green
🥦	Food & Drink	broccoli		broccoli
🧄	Food & Drink	garlic		garlic
🧅	Food & Drink	onion		onion
🥜	Food & Drink	peanuts		peanuts
🫘	Food & Drink	beans		beans
🌰	Food & Drink	chestnut		chestnut
🫚	Food & Drink	ginger_root		ginger root
🫛	Food & Drink	pea_pod		pea pod
🍞	Food & Drink	bread	toast	bread
🥐	Food & Drink	croissant		croissant
🥖	Food & Drink	baguette_bread		baguette bread
🫓	Food & Drink	flatbread		flatbread
🥨	Food & Drink	pretzel		pretzel
🥯	Food & Drink	bagel		bagel
🥞	Food & Drink	pancakes		pancakes
🧇	Food & Drink	waffle		waffle
🧀	Food & Drink	cheese		cheese wedge
🍖	Food & Drink	meat_on_bone		meat on bone
🍗	Food & Drink	poultry_leg	meat chicken	poultry leg
🥩	Food & Drink	cut_of_meat		cut of meat
🥓	Food & Drink	bacon		bacon
🍔	Food & Drink	hamburger	burger	hamburger
🍟	Food & Drink	fries		french fries
🍕	Food & Drink	pizza		pizza
🌭	Food & Drink	hotdog		hot dog
🥪	Food & Drink	sandwich		sandwich
🌮	Food & Drink	taco		taco
🌯	Food & Drink	burrito		burrito
🫔	Food & Drink	tamale		tamale
🥙	Food & Drink	stuffed_flatbread		stuffed flatbread
🧆	Food & Drink	falafel		falafel
🥚	Food & Drink	egg		egg
🍳	Food & Drink	fried_egg	breakfast	cooking
🥘	Food & Drink	shallow_pan_of_food	paella curry	shallow pan of food
🍲	Food & Drink	stew		pot of food
🫕	Food & Drink	fondue		fondue
🥣	Food & Drink	bowl_with_spoon		bowl with spoon
🥗	Food & Drink	green_salad		green salad
🍿	Food & Drink	popcorn		popcorn
🧈	Food & Drink	butter		butter
🧂	Food & Drink	salt		salt
🥫	Food & Drink	canned_food		canned food
🍱	Food & Drink	bento		bento box
🍘	Food & Drink	rice_cracker		rice cracker
🍙	Food & Drink	rice_ball		rice ball
🍚	Food & Drink	rice		cooked rice
🍛	Food & Drink	curry		curry rice
🍜	Food & Drink	ramen	noodle	steaming bowl
🍝	Food & Drink	spaghetti	pasta	spaghetti
🍠	Food & Drink	sweet_potato		roasted sweet potato
🍢	Food & Drink	oden		oden
🍣	Food & Drink	sushi		sushi
🍤	Food & Drink	fried_shrimp	tempura	fried shrimp
🍥	Food & Drink	fish_cake		fish cake with swirl
🥮	Food & Drink	moon_cake		moon cake
🍡	Food & Drink	dango		dango
🥟	Food & Drink	dumpling		dumpling
🥠	Food & Drink	fortune_cookie		fortune cookie
🥡	Food & Drink	takeout_box		takeout box
🦀	Food & Drink	crab		crab
🦞	Food & Drink	lobster		lobster
🦐	Food & Drink	shrimp		shrimp
🦑	Food & Drink	squid		squid
🦪	Food & Drink	oyster		oyster
🍦	Food & Drink	icecream		soft ice cream
🍧	Food & Drink	shaved_ice		shaved ice
🍨	Food & Drink	ice_cream		ice cream
🍩	Food & Drink	doughnut		doughnut
🍪	Food & Drink	cookie		cookie
🎂	Food & Drink	birthday	party	birthday cake
🍰	Food & Drink	cake	dessert	shortcake
🧁	Food & Drink	cupcake		cupcake
🥧	Food & Drink	pie		pie
🍫	Food & Drink	chocolate_bar		chocolate bar
🍬	Food & Drink	candy	sweet	candy
🍭	Food & Drink	lollipop		lollipop
🍮	Food & Drink	custard		custard
🍯	Food & Drink	honey_pot		honey pot
🍼	Food & Drink	baby_bottle	milk	baby bottle
🥛	Food & Drink	milk_glass		glass of milk
☕	Food & Drink	coffee	cafe espresso	hot beverage
🫖	Food & Drink	teapot		teapot
🍵	Food & Drink	tea	green breakfast	teacup without handle
🍶	Food & Drink	sake		sake
🍾	Food & Drink	champagne	bottle bubbly celebration	bottle with popping cork
🍷	Food & Drink	wine_glass		wine glass
🍸	Food & Drink	cocktail	drink	cocktail glass
🍹	Food & Drink	tropical_drink	summer vacation	tropical drink
🍺	Food & Drink	beer	drink	beer mug
🍻	Food & Drink	beers	drinks	clinking beer mugs
🥂	Food & Drink	clinking_glasses	cheers toast	clinking glasses
🥃	Food & Drink	tumbler_glass	whisky	tumbler glass
🫗	Food & Drink	pouring_liquid		pouring liquid
🥤	Food & Drink	cup_with_straw		cup with straw
🧋	Food & Drink	bubble_tea		bubble tea
🧃	Food & Drink	beverage_box		beverage box
🧉	Food & Drink	mate		mate
🧊	Food & Drink	ice_cube		ice
🥢	Food & Drink	chopsticks		chopsticks
🍽️	Food & Drink	plate_with_cutlery	dining dinner	fork and knife with plate
🍴	Food & Drink	fork_and_knife	cutlery	fork and knife
🥄	Food & Drink	spoon		spoon
🔪	Food & Drink	hocho knife	cut chop	kitchen knife
🫙	Food & Drink	jar		jar
🏺	Food & Drink	amphora		amphora
🌍	Travel & Places	earth_africa	globe world international	globe showing Europe-Africa
🌎	Travel & Places	earth_americas	globe world international	globe showing Americas
🌏	Travel & Places	earth_asia	globe world international	globe showing Asia-Australia
🌐	Travel & Places	globe_with_meridians	world global international	globe with meridians
🗺️	Travel & Places	world_map	travel	world map
🗾	Travel & Places	japan		map of Japan
🧭	Travel & Places	compass		compass
🏔️	Travel & Places	mountain_snow		snow-capped mountain
⛰️	Travel & Places	mountain		mountain
🌋	Travel & Places	volcano		volcano
🗻	Travel & Places	mount_fuji		mount fuji
🏕️	Travel & Places	camping		camping
🏖️	Travel & Places	beach_umbrella		beach with umbrella
🏜️	Travel & Places	desert		desert
🏝️	Travel & Places	desert_island		desert island
🏞️	Travel & Places	national_park		national park
🏟️	Travel & Places	stadium		stadium
🏛️	Travel & Places	classical_building		classical building
🏗️	Travel & Places	building_construction		building construction
🧱	Travel & Places	bricks		brick
🪨	Travel & Places	rock		rock
🪵	Travel & Places	wood		wood
🛖	Travel & Places	hut		hut
🏘️	Travel & Places	houses		houses
🏚️	Travel & Places	derelict_house		derelict house
🏠	Travel & Places	house		house
🏡	Travel & Places	house_with_garden		house with garden
🏢	Travel & Places	office		office building
🏣	Travel & Places	post_office		Japanese post office
🏤	Travel & Places	european_post_office		post office
🏥	Travel & Places	hospital		hospital
🏦	Travel & Places	bank		bank
🏨	Travel & Places	hotel		hotel
🏩	Travel & Places	love_hotel		love hotel
🏪	Travel & Places	convenience_store		convenience store
🏫	Travel & Places	school		school
🏬	Travel & Places	department_store		department store
🏭	Travel & Places	factory		factory
🏯	Travel & Places	japanese_castle		Japanese castle
🏰	Travel & Places	european_castle		castle
💒	Travel & Places	wedding	marriage	wedding
🗼	Travel & Places	tokyo_tower		Tokyo tower
🗽	Travel & Places	statue_of_liberty		Statue of Liberty
⛪	Travel & Places	church		church
🕌	Travel & Places	mosque		mosque
🛕	Travel & Places	hindu_temple		hindu temple
🕍	Travel & Places	synagogue		synagogue
⛩️	Travel & Places	shinto_shrine		shinto shrine
🕋	Travel & Places	kaaba		kaaba
⛲	Travel & Places	fountain		fountain
⛺	Travel & Places	tent	camping	tent
🌁	Travel & Places	foggy	karl	foggy
🌃	Travel & Places	night_with_stars		night with stars
🏙️	Travel & Places	cityscape	skyline	cityscape
🌄	Travel & Places	sunrise_over_mountains		sunrise over mountains
🌅	Travel & Places	sunrise		sunrise
🌆	Travel & Places	city_sunset		cityscape at dusk
🌇	Travel & Places	city_sunrise		sunset
🌉	Travel & Places	bridge_at_night		bridge at night
♨️	Travel & Places	hotsprings		hot springs
🎠	Travel & Places	carousel_horse		carousel horse
🛝	Travel & Places	playground_slide		playground slide
🎡	Travel & Places	ferris_wheel		ferris wheel
🎢	Travel & Places	roller_coaster		roller coaster
💈	Travel & Places	barber		barber pole
🎪	Travel & Places	circus_tent		circus tent
🚂	Travel & Places	steam_locomotive	train	locomotive
🚃	Travel & Places	railway_car		railway car
🚄	Travel & Places	bullettrain_side	train	high-speed train
🚅	Travel & Places	bullettrain_front	train	bullet train
🚆	Travel & Places	train2		train
🚇	Travel & Places	metro		metro
🚈	Travel & Places	light_rail		light rail
🚉	Travel & Places	station		station
🚊	Travel & Places	tram		tram
🚝	Travel & Places	monorail		monorail
🚞	Travel & Places	mountain_railway		mountain railway
🚋	Travel & Places	train		tram car
🚌	Travel & Places	bus		bus
🚍	Travel & Places	oncoming_bus		oncoming bus
🚎	Travel & Places	trolleybus		trolleybus
🚐	Travel & Places	minibus		minibus
🚑	Travel & Places	ambulance		ambulance
🚒	Travel & Places	fire_engine		fire engine
🚓	Travel & Places	police_car		police car
🚔	Travel & Places	oncoming_police_car		oncoming police car
🚕	Travel & Places	taxi		taxi
🚖	Travel & Places	oncoming_taxi		oncoming taxi
🚗	Travel & Places	car red_car		automobile
🚘	Travel & Places	oncoming_automobile		oncoming automobile
🚙	Travel & Places	blue_car		sport utility vehicle
🛻	Travel & Places	pickup_truck		pickup truck
🚚	Travel & Places	truck		delivery truck
🚛	Travel & Places	articulated_lorry		articulated lorry
🚜	Travel & Places	tractor		tractor
🏎️	Travel & Places	racing_car		racing car
🏍️	Travel & Places	motorcycle		motorcycle
🛵	Travel & Places	motor_scooter		motor scooter
🦽	Travel & Places	manual_wheelchair		manual wheelchair
🦼	Travel & Places	motorized_wheelchair		motorized wheelchair
🛺	Travel & Places	auto_rickshaw		auto rickshaw
🚲	Travel & Places	bike	bicycle	bicycle
🛴	Travel & Places	kick_scooter		kick scooter
🛹	Travel & Places	skateboard		skateboard
🛼	Travel & Places	roller_skate		roller skate
🚏	Travel & Places	busstop		bus stop
🛣️	Travel & Places	motorway		motorway
🛤️	Travel & Places	railway_track		railway track
🛢️	Travel & Places	oil_drum		oil drum
⛽	Travel & Places	fuelpump		fuel pump
🛞	Travel & Places	wheel		wheel
🚨	Travel & Places	rotating_light	911 emergency	police car light
🚥	Travel & Places	traffic_light		horizontal traffic light
🚦	Travel & Places	vertical_traffic_light	semaphore	vertical traffic light
🛑	Travel & Places	stop_sign		stop sign
🚧	Travel & Places	construction	wip	construction
⚓	Travel & Places	anchor	ship	anchor
🛟	Travel & Places	ring_buoy	life preserver	ring buoy
⛵	Travel & Places	boat sailboat		sailboat
🛶	Travel & Places	canoe		canoe
🚤	Travel & Places	speedboat	ship	speedboat
🛳️	Travel & Places	passenger_ship	cruise	passenger ship
⛴️	Travel & Places	ferry		ferry
🛥️	Travel & Places	motor_boat		motor boat
🚢	Travel & Places	ship		ship
✈️	Travel & Places	airplane	flight	airplane
🛩️	Travel & Places	small_airplane	flight	small airplane
🛫	Travel & Places	flight_departure		airplane departure
🛬	Travel & Places	flight_arrival		airplane arrival
🪂	Travel & Places	parachute		parachute
💺	Travel & Places	seat		seat
🚁	Travel & Places	helicopter		helicopter
🚟	Travel & Places	suspension_railway		suspension railway
🚠	Travel & Places	mountain_cableway		mountain cableway
🚡	Travel & Places	aerial_tramway		aerial tramway
🛰️	Travel & Places	artificial_satellite	orbit space	satellite
🚀	Travel & Places	rocket	ship launch	rocket
🛸	Travel & Places	flying_saucer	ufo	flying saucer
🛎️	Travel & Places	bellhop_bell		bellhop bell
🧳	Travel & Places	luggage		luggage
⌛	Travel & Places	hourglass	time	hourglass done
⏳	Travel & Places	hourglass_flowing_sand	time	hourglass not done
⌚	Travel & Places	watch	time	watch
⏰	Travel & Places	alarm_clock	morning	alarm clock
⏱️	Travel & Places	stopwatch		stopwatch
⏲️	Travel & Places	timer_clock		timer clock
🕰️	Travel & Places	mantelpiece_clock		mantelpiece clock
🕛	Travel & Places	clock12		twelve o’clock
🕧	Travel & Places	clock1230		twelve-thirty
🕐	Travel & Places	clock1		one o’clock
🕜	Travel & Places	clock130		one-thirty
🕑	Travel & Places	clock2		two o’clock
🕝	Travel & Places	clock230		two-thirty
🕒	Travel & Places	clock3		three o’clock
🕞	Travel & Places	clock330		three-thirty
🕓	Travel & Places	clock4		four o’clock
🕟	Travel & Places	clock430		four-thirty
🕔	Travel & Places	clock5		five o’clock
🕠	Travel & Places	clock530		five-thirty
🕕	Travel & Places	clock6		six o’clock
🕡	Travel & Places	clock630		six-thirty
🕖	Travel & Places	clock7		seven o’clock
🕢	Travel & Places	clock730		seven-thirty
🕗	Travel & Places	clock8		eight o’clock
🕣	Travel & Places	clock830		eight-thirty
🕘	Travel & Places	clock9		nine o’clock
🕤	Travel & Places	clock930		nine-thirty
🕙	Travel & Places	clock10		ten o’clock
🕥	Travel & Places	clock1030		ten-thirty
🕚	Travel & Places	clock11		eleven o’clock
🕦	Travel & Places	clock1130		eleven-thirty
🌑	Travel & Places	new_moon		new moon
🌒	Travel & Places	waxing_crescent_moon		waxing crescent moon
🌓	Travel & Places	first_quarter_moon		first quarter moon
🌔	Travel & Places	moon waxing_gibbous_moon		waxing gibbous moon
🌕	Travel & Places	full_moon		full moon
🌖	Travel & Places	waning_gibbous_moon		waning gibbous moon
🌗	Travel & Places	last_quarter_moon		last quarter moon
🌘	Travel & Places	waning_crescent_moon		waning crescent moon
🌙	Travel & Places	crescent_moon	night	crescent moon
🌚	Travel & Places	new_moon_with_face		new moon face
🌛	Travel & Places	first_quarter_moon_with_face		first quarter moon face
🌜	Travel & Places	last_quarter_moon_with_face		last quarter moon face
🌡️	Travel & Places	thermometer		thermometer
☀️	Travel & Places	sunny	weather	sun
🌝	Travel & Places	full_moon_with_face		full moon face
🌞	Travel & Places	sun_with_face	summer	sun with face
🪐	Travel & Places	ringed_planet		ringed planet
⭐	Travel & Places	star		star
🌟	Travel & Places	star2		glowing star
🌠	Travel & Places	stars		shooting star
🌌	Travel & Places	milky_way		milky way
☁️	Travel & Places	cloud		cloud
⛅	Travel & Places	partly_sunny	weather cloud	sun behind cloud
⛈️	Travel & Places	cloud_with_lightning_and_rain		cloud with lightning and rain
🌤️	Travel & Places	sun_behind_small_cloud		sun behind small cloud
🌥️	Travel & Places	sun_behind_large_cloud		sun behind large cloud
🌦️	Travel & Places	sun_behind_rain_cloud		sun behind rain cloud
🌧️	Travel & Places	cloud_with_rain		cloud with rain
🌨️	Travel & Places	cloud_with_snow		cloud with snow
🌩️	Travel & Places	cloud_with_lightning		cloud with lightning
🌪️	Travel & Places	tornado		tornado
🌫️	Travel & Places	fog		fog
🌬️	Travel & Places	wind_face		wind face
🌀	Travel & Places	cyclone	swirl	cyclone
🌈	Travel & Places	rainbow		rainbow
🌂	Travel & Places	closed_umbrella	weather rain	closed umbrella
☂️	Travel & Places	open_umbrella		umbrella
☔	Travel & Places	umbrella	rain weather	umbrella with rain drops
⛱️	Travel & Places	parasol_on_ground	beach_umbrella	umbrella on ground
⚡	Travel & Places	zap	lightning thunder	high voltage
❄️	Travel & Places	snowflake	winter cold weather	snowflake
☃️	Travel & Places	snowman_with_snow	winter christmas	snowman
⛄	Travel & Places	snowman	winter	snowman without snow
☄️	Travel & Places	comet		comet
🔥	Travel & Places	fire	burn	fire
💧	Travel & Places	droplet	water	droplet
🌊	Travel & Places	ocean	sea	water wave
🎃	Activities	jack_o_lantern	halloween	jack-o-lantern
🎄	Activities	christmas_tree		Christmas tree
🎆	Activities	fireworks	festival celebration	fireworks
🎇	Activities	sparkler		sparkler
🧨	Activities	firecracker		firecracker
✨	Activities	sparkles	shiny	sparkles
🎈	Activities	balloon	party birthday	balloon
🎉	Activities	tada	hooray party	party popper
🎊	Activities	confetti_ball		confetti ball
🎋	Activities	tanabata_tree		tanabata tree
🎍	Activities	bamboo		pine decoration
🎎	Activities	dolls		Japanese dolls
🎏	Activities	flags		carp streamer
🎐	Activities	wind_chime		wind chime
🎑	Activities	rice_scene		moon viewing ceremony
🧧	Activities	red_envelope		red envelope
🎀	Activities	ribbon		ribbon
🎁	Activities	gift	present birthday christmas	wrapped gift
🎗️	Activities	reminder_ribbon		reminder ribbon
🎟️	Activities	tickets		admission tickets
🎫	Activities	ticket		ticket
🎖️	Activities	medal_military		military medal
🏆	Activities	trophy	award contest winner	trophy
🏅	Activities	medal_sports	gold winner	sports medal
🥇	Activities	1st_place_medal	gold	1st place medal
🥈	Activities	2nd_place_medal	silver	2nd place medal
🥉	Activities	3rd_place_medal	bronze	3rd place medal
⚽	Activities	soccer	sports	soccer ball
⚾	Activities	baseball	sports	baseball
🥎	Activities	softball		softball
🏀	Activities	basketball	sports	basketball
🏐	Activities	volleyball		volleyball
🏈	Activities	football	sports	american football
🏉	Activities	rugby_football		rugby football
🎾	Activities	tennis	sports	tennis
🥏	Activities	flying_disc		flying disc
🎳	Activities	bowling		bowling
🏏	Activities	cricket_game		cricket game
🏑	Activities	field_hockey		field hockey
🏒	Activities	ice_hockey		ice hockey
🥍	Activities	lacrosse		lacrosse
🏓	Activities	ping_pong		ping pong
🏸	Activities	badminton		badminton
🥊	Activities	boxing_glove		boxing glove
🥋	Activities	martial_arts_uniform		martial arts uniform
🥅	Activities	goal_net		goal net
⛳	Activities	golf		flag in hole
⛸️	Activities	ice_skate	skating	ice skate
🎣	Activities	fishing_pole_and_fish		fishing pole
🤿	Activities	diving_mask		diving mask
🎽	Activities	running_shirt_with_sash	marathon	running shirt
🎿	Activities	ski		skis
🛷	Activities	sled		sled
🥌	Activities	curling_stone		curling stone
🎯	Activities	dart	target	bullseye
🪀	Activities	yo_yo		yo-yo
🪁	Activities	kite		kite
🔫	Activities	gun	shoot weapon	water pistol
🎱	Activities	8ball	pool billiards	pool 8 ball
🔮	Activities	crystal_ball	fortune	crystal ball
🪄	Activities	magic_wand		magic wand
🎮	Activities	video_game	play controller console	video game
🕹️	Activities	joystick		joystick
🎰	Activities	slot_machine		slot machine
🎲	Activities	game_die	dice gambling	game die
🧩	Activities	jigsaw		puzzle piece
🧸	Activities	teddy_bear		teddy bear
🪅	Activities	pinata		piñata
🪩	Activities	mirror_ball	disco party	mirror ball
🪆	Activities	nesting_dolls		nesting dolls
♠️	Activities	spades		spade suit
♥️	Activities	hearts		heart suit
♦️	Activities	diamonds		diamond suit
♣️	Activities	clubs		club suit
♟️	Activities	chess_pawn		chess pawn
🃏	Activities	black_joker		joker
🀄	Activities	mahjong		mahjong red dragon
🎴	Activities	flower_playing_cards		flower playing cards
🎭	Activities	performing_arts	theater drama	performing arts
🖼️	Activities	framed_picture		framed picture
🎨	Activities	art	design paint	artist palette
🧵	Activities	thread		thread
🪡	Activities	sewing_needle		sewing needle
🧶	Activities	yarn		yarn
🪢	Activities	knot		knot
👓	Objects	eyeglasses	glasses	glasses
🕶️	Objects	dark_sunglasses		sunglasses
🥽	Objects	goggles		goggles
🥼	Objects	lab_coat		lab coat
🦺	Objects	safety_vest		safety vest
👔	Objects	necktie	shirt formal	necktie
👕	Objects	shirt tshirt		t-shirt
👖	Objects	jeans	pants	jeans
🧣	Objects	scarf		scarf
🧤	Objects	gloves		gloves
🧥	Objects	coat		coat
🧦	Objects	socks		socks
👗	Objects	dress		dress
👘	Objects	kimono		kimono
🥻	Objects	sari		sari
🩱	Objects	one_piece_swimsuit		one-piece swimsuit
🩲	Objects	swim_brief		briefs
🩳	Objects	shorts		shorts
👙	Objects	bikini	beach	bikini
👚	Objects	womans_clothes		woman’s clothes
🪭	Objects	folding_hand_fan	sensu	folding hand fan
👛	Objects	purse		purse
👜	Objects	handbag	bag	handbag
👝	Objects	pouch	bag	clutch bag
🛍️	Objects	shopping	bags	shopping bags
🎒	Objects	school_satchel		backpack
🩴	Objects	thong_sandal		thong sandal
👞	Objects	mans_shoe shoe		man’s shoe
👟	Objects	athletic_shoe	sneaker sport running	running shoe
🥾	Objects	hiking_boot		hiking boot
🥿	Objects	flat_shoe		flat shoe
👠	Objects	high_heel	shoe	high-heeled shoe
👡	Objects	sandal	shoe	woman’s sandal
🩰	Objects	ballet_shoes		ballet shoes
👢	Objects	boot		woman’s boot
🪮	Objects	hair_pick		hair pick
👑	Objects	crown	king queen royal	crown
👒	Objects	womans_hat		woman’s hat
🎩	Objects	tophat	hat classy	top hat
🎓	Objects	mortar_board	education college university graduation	graduation cap
🧢	Objects	billed_cap		billed cap
🪖	Objects	military_helmet		military helmet
⛑️	Objects	rescue_worker_helmet		rescue worker’s helmet
📿	Objects	prayer_beads		prayer beads
💄	Objects	lipstick	makeup	lipstick
💍	Objects	ring	wedding marriage engaged	ring
💎	Objects	gem	diamond	gem stone
🔇	Objects	mute	sound volume	muted speaker
🔈	Objects	speaker		speaker low volume
🔉	Objects	sound	volume	speaker medium volume
🔊	Objects	loud_sound	volume	speaker high volume
📢	Objects	loudspeaker	announcement	loudspeaker
📣	Objects	mega		megaphone
📯	Objects	postal_horn		postal horn
🔔	Objects	bell	sound notification	bell
🔕	Objects	no_bell	volume off	bell with slash
🎼	Objects	musical_score		musical score
🎵	Objects	musical_note		musical note
🎶	Objects	notes	music	musical notes
🎙️	Objects	studio_microphone	podcast	studio microphone
🎚️	Objects	level_slider		level slider
🎛️	Objects	control_knobs		control knobs
🎤	Objects	microphone	sing	microphone
🎧	Objects	headphones	music earphones	headphone
📻	Objects	radio	podcast	radio
🎷	Objects	saxophone		saxophone
🪗	Objects	accordion		accordion
🎸	Objects	guitar	rock	guitar
🎹	Objects	musical_keyboard	piano	musical keyboard
🎺	Objects	trumpet		trumpet
🎻	Objects	violin		violin
🪕	Objects	banjo		banjo
🥁	Objects	drum		drum
🪘	Objects	long_drum		long drum
🪇	Objects	maracas	shaker	maracas
🪈	Objects	flute	recorder	flute
📱	Objects	iphone	smartphone mobile	mobile phone
📲	Objects	calling	call incoming	mobile phone with arrow
☎️	Objects	phone telephone		telephone
📞	Objects	telephone_receiver	phone call	telephone receiver
📟	Objects	pager		pager
📠	Objects	fax		fax machine
🔋	Objects	battery	power	battery
🪫	Objects	low_battery		low battery
🔌	Objects	electric_plug		electric plug
💻	Objects	computer	desktop screen	laptop
🖥️	Objects	desktop_computer		desktop computer
🖨️	Objects	printer		printer
⌨️	Objects	keyboard		keyboard
🖱️	Objects	computer_mouse		computer mouse
🖲️	Objects	trackball		trackball
💽	Objects	minidisc		computer disk
💾	Objects	floppy_disk	save	floppy disk
💿	Objects	cd		optical disk
📀	Objects	dvd		dvd
🧮	Objects	abacus		abacus
🎥	Objects	movie_camera	film video	movie camera
🎞️	Objects	film_strip		film frames
📽️	Objects	film_projector		film projector
🎬	Objects	clapper	film	clapper board
📺	Objects	tv		television
📷	Objects	camera	photo	camera
📸	Objects	camera_flash	photo	camera with flash
📹	Objects	video_camera		video camera
📼	Objects	vhs		videocassette
🔍	Objects	mag	search zoom	magnifying glass tilted left
🔎	Objects	mag_right		magnifying glass tilted right
🕯️	Objects	candle		candle
💡	Objects	bulb	idea light	light bulb
🔦	Objects	flashlight		flashlight
🏮	Objects	izakaya_lantern lantern		red paper lantern
🪔	Objects	diya_lamp		diya lamp
📔	Objects	notebook_with_decorative_cover		notebook with decorative cover
📕	Objects	closed_book		closed book
📖	Objects	book open_book		open book
📗	Objects	green_book		green book
📘	Objects	blue_book		blue book
📙	Objects	orange_book		orange book
📚	Objects	books	library	books
📓	Objects	notebook		notebook
📒	Objects	ledger		ledger
📃	Objects	page_with_curl		page with curl
📜	Objects	scroll	document	scroll
📄	Objects	page_facing_up	document	page facing up
📰	Objects	newspaper	press	newspaper
🗞️	Objects	newspaper_roll	press	rolled-up newspaper
📑	Objects	bookmark_tabs		bookmark tabs
🔖	Objects	bookmark		bookmark
🏷️	Objects	label	tag	label
💰	Objects	moneybag	dollar cream	money bag
🪙	Objects	coin		coin
💴	Objects	yen		yen banknote
💵	Objects	dollar	money	dollar banknote
💶	Objects	euro		euro banknote
💷	Objects	pound		pound banknote
💸	Objects	money_with_wings	dollar	money with wings
💳	Objects	credit_card	subscription	credit card
🧾	Objects	receipt		receipt
💹	Objects	chart		chart increasing with yen
✉️	Objects	envelope	letter email	envelope
📧	Objects	email e-mail		e-mail
📨	Objects	incoming_envelope		incoming envelope
📩	Objects	envelope_with_arrow		envelope with arrow
📤	Objects	outbox_tray		outbox tray
📥	Objects	inbox_tray		inbox tray
📦	Objects	package	shipping	package
📫	Objects	mailbox		closed mailbox with raised flag
📪	Objects	mailbox_closed		closed mailbox with lowered flag
📬	Objects	mailbox_with_mail		open mailbox with raised flag
📭	Objects	mailbox_with_no_mail		open mailbox with lowered flag
📮	Objects	postbox		postbox
🗳️	Objects	ballot_box		ballot box with ballot
✏️	Objects	pencil2		pencil
✒️	Objects	black_nib		black nib
🖋️	Objects	fountain_pen		fountain pen
🖊️	Objects	pen		pen
🖌️	Objects	paintbrush		paintbrush
🖍️	Objects	crayon		crayon
📝	Objects	memo pencil	document note	memo
💼	Objects	briefcase	business	briefcase
📁	Objects	file_folder	directory	file folder
📂	Objects	open_file_folder		open file folder
🗂️	Objects	card_index_dividers		card index dividers
📅	Objects	date	calendar schedule	calendar
📆	Objects	calendar	schedule	tear-off calendar
🗒️	Objects	spiral_notepad		spiral notepad
🗓️	Objects	spiral_calendar		spiral calendar
📇	Objects	card_index		card index
📈	Objects	chart_with_upwards_trend	graph metrics	chart increasing
📉	Objects	chart_with_downwards_trend	graph metrics	chart decreasing
📊	Objects	bar_chart	stats metrics	bar chart
📋	Objects	clipboard		clipboard
📌	Objects	pushpin	location	pushpin
📍	Objects	round_pushpin	location	round pushpin
📎	Objects	paperclip		paperclip
🖇️	Objects	paperclips		linked paperclips
📏	Objects	straight_ruler		straight ruler
📐	Objects	triangular_ruler		triangular ruler
✂️	Objects	scissors	cut	scissors
🗃️	Objects	card_file_box		card file box
🗄️	Objects	file_cabinet		file cabinet
🗑️	Objects	wastebasket	trash	wastebasket
🔒	Objects	lock	security private	locked
🔓	Objects	unlock	security	unlocked
🔏	Objects	lock_with_ink_pen		locked with pen
🔐	Objects	closed_lock_with_key	security	locked with key
🔑	Objects	key	lock password	key
🗝️	Objects	old_key		old key
🔨	Objects	hammer	tool	hammer
🪓	Objects	axe		axe
⛏️	Objects	pick		pick
⚒️	Objects	hammer_and_pick		hammer and pick
🛠️	Objects	hammer_and_wrench		hammer and wrench
🗡️	Objects	dagger		dagger
⚔️	Objects	crossed_swords		crossed swords
💣	Objects	bomb	boom	bomb
🪃	Objects	boomerang		boomerang
🏹	Objects	bow_and_arrow	archery	bow and arrow
🛡️	Objects	shield		shield
🪚	Objects	carpentry_saw		carpentry saw
🔧	Objects	wrench	tool	wrench
🪛	Objects	screwdriver		screwdriver
🔩	Objects	nut_and_bolt		nut and bolt
⚙️	Objects	gear		gear
🗜️	Objects	clamp		clamp
⚖️	Objects	balance_scale		balance scale
🦯	Objects	probing_cane		white cane
🔗	Objects	link		link
⛓️	Objects	chains		chains
🪝	Objects	hook		hook
🧰	Objects	toolbox		toolbox
🧲	Objects	magnet		magnet
🪜	Objects	ladder		ladder
⚗️	Objects	alembic		alembic
🧪	Objects	test_tube		test tube
🧫	Objects	petri_dish		petri dish
🧬	Objects	dna		dna
🔬	Objects	microscope	science laboratory investigate	microscope
🔭	Objects	telescope		telescope
📡	Objects	satellite	signal	satellite antenna
💉	Objects	syringe	health hospital needle	syringe
🩸	Objects	drop_of_blood		drop of blood
💊	Objects	pill	health medicine	pill
🩹	Objects	adhesive_bandage		adhesive bandage
🩼	Objects	crutch		crutch
🩺	Objects	stethoscope		stethoscope
🩻	Objects	x_ray		x-ray
🚪	Objects	door		door
🛗	Objects	elevator		elevator
🪞	Objects	mirror		mirror
🪟	Objects	window		window
🛏️	Objects	bed		bed
🛋️	Objects	couch_and_lamp		couch and lamp
🪑	Objects	chair		chair
🚽	Objects	toilet	wc	toilet
🪠	Objects	plunger		plunger
🚿	Objects	shower	bath	shower
🛁	Objects	bathtub		bathtub
🪤	Objects	mouse_trap		mouse trap
🪒	Objects	razor		razor
🧴	Objects	lotion_bottle		lotion bottle
🧷	Objects	safety_pin		safety pin
🧹	Objects	broom		broom
🧺	Objects	basket		basket
🧻	Objects	roll_of_paper	toilet	roll of paper
🪣	Objects	bucket		bucket
🧼	Objects	soap		soap
🫧	Objects	bubbles		bubbles
🪥	Objects	toothbrush		toothbrush
🧽	Objects	sponge		sponge
🧯	Objects	fire_extinguisher		fire extinguisher
🛒	Objects	shopping_cart		shopping cart
🚬	Objects	smoking	cigarette	cigarette
⚰️	Objects	coffin	funeral	coffin
🪦	Objects	headstone		headstone
⚱️	Objects	funeral_urn		funeral urn
🧿	Objects	nazar_amulet		nazar amulet
🪬	Objects	hamsa		hamsa
🗿	Objects	moyai	stone	moai
🪧	Objects	placard		placard
🪪	Objects	identification_card		identification card
🏧	Symbols	atm		ATM sign
🚮	Symbols	put_litter_in_its_place		litter in bin sign
🚰	Symbols	potable_water		potable water
♿	Symbols	wheelchair	accessibility	wheelchair symbol
🚹	Symbols	mens		men’s room
🚺	Symbols	womens		women’s room
🚻	Symbols	restroom	toilet	restroom
🚼	Symbols	baby_symbol		baby symbol
🚾	Symbols	wc	toilet restroom	water closet
🛂	Symbols	passport_control		passport control
🛃	Symbols	customs		customs
🛄	Symbols	baggage_claim	airport	baggage claim
🛅	Symbols	left_luggage		left luggage
⚠️	Symbols	warning	wip	warning
🚸	Symbols	children_crossing		children crossing
⛔	Symbols	no_entry	limit	no entry
🚫	Symbols	no_entry_sign	block forbidden	prohibited
🚳	Symbols	no_bicycles		no bicycles
🚭	Symbols	no_smoking		no smoking
🚯	Symbols	do_not_litter		no littering
🚱	Symbols	non-potable_water		non-potable water
🚷	Symbols	no_pedestrians		no pedestrians
📵	Symbols	no_mobile_phones		no mobile phones
🔞	Symbols	underage		no one under eighteen
☢️	Symbols	radioactive		radioactive
☣️	Symbols	biohazard		biohazard
⬆️	Symbols	arrow_up		up arrow
↗️	Symbols	arrow_upper_right		up-right arrow
➡️	Symbols	arrow_right		right arrow
↘️	Symbols	arrow_lower_right		down-right arrow
⬇️	Symbols	arrow_down		down arrow
↙️	Symbols	arrow_lower_left		down-left arrow
⬅️	Symbols	arrow_left		left arrow
↖️	Symbols	arrow_upper_left		up-left arrow
↕️	Symbols	arrow_up_down		up-down arrow
↔️	Symbols	left_right_arrow		left-right arrow
↩️	Symbols	leftwards_arrow_with_hook	return	right arrow curving left
↪️	Symbols	arrow_right_hook		left arrow curving right
⤴️	Symbols	arrow_heading_up		right arrow curving up
⤵️	Symbols	arrow_heading_down		right arrow curving down
🔃	Symbols	arrows_clockwise		clockwise vertical arrows
🔄	Symbols	arrows_counterclockwise	sync	counterclockwise arrows button
🔙	Symbols	back		BACK arrow
🔚	Symbols	end		END arrow
🔛	Symbols	on		ON! arrow
🔜	Symbols	soon		SOON arrow
🔝	Symbols	top		TOP arrow
🛐	Symbols	place_of_worship		place of worship
⚛️	Symbols	atom_symbol		atom symbol
🕉️	Symbols	om		om
✡️	Symbols	star_of_david		star of David
☸️	Symbols	wheel_of_dharma		wheel of dharma
☯️	Symbols	yin_yang		yin yang
✝️	Symbols	latin_cross		latin cross
☦️	Symbols	orthodox_cross		orthodox cross
☪️	Symbols	star_and_crescent		star and crescent
☮️	Symbols	peace_symbol		peace symbol
🕎	Symbols	menorah		menorah
🔯	Symbols	six_pointed_star		dotted six-pointed star
🪯	Symbols	khanda		khanda
♈	Symbols	aries		Aries
♉	Symbols	taurus		Taurus
♊	Symbols	gemini		Gemini
♋	Symbols	cancer		Cancer
♌	Symbols	leo		Leo
♍	Symbols	virgo		Virgo
♎	Symbols	libra		Libra
♏	Symbols	scorpius		Scorpio
♐	Symbols	sagittarius		Sagittarius
♑	Symbols	capricorn		Capricorn
♒	Symbols	aquarius		Aquarius
♓	Symbols	pisces		Pisces
⛎	Symbols	ophiuchus		Ophiuchus
🔀	Symbols	twisted_rightwards_arrows	shuffle	shuffle tracks button
🔁	Symbols	repeat	loop	repeat button
🔂	Symbols	repeat_one		repeat single button
▶️	Symbols	arrow_forward		play button
⏩	Symbols	fast_forward		fast-forward button
⏭️	Symbols	next_track_button		next track button
⏯️	Symbols	play_or_pause_button		play or pause button
◀️	Symbols	arrow_backward		reverse button
⏪	Symbols	rewind		fast reverse button
⏮️	Symbols	previous_track_button		last track button
🔼	Symbols	arrow_up_small		upwards button
⏫	Symbols	arrow_double_up		fast up button
🔽	Symbols	arrow_down_small		downwards button
⏬	Symbols	arrow_double_down		fast down button
⏸️	Symbols	pause_button		pause button
⏹️	Symbols	stop_button		stop button
⏺️	Symbols	record_button		record button
⏏️	Symbols	eject_button		eject button
🎦	Symbols	cinema	film movie	cinema
🔅	Symbols	low_brightness		dim button
🔆	Symbols	high_brightness		bright button
📶	Symbols	signal_strength	wifi	antenna bars
🛜	Symbols	wireless	wifi	wireless
📳	Symbols	vibration_mode		vibration mode
📴	Symbols	mobile_phone_off	mute off	mobile phone off
♀️	Symbols	female_sign		female sign
♂️	Symbols	male_sign		male sign
⚧️	Symbols	transgender_symbol		transgender symbol
✖️	Symbols	heavy_multiplication_x		multiply
➕	Symbols	heavy_plus_sign		plus
➖	Symbols	heavy_minus_sign		minus
➗	Symbols	heavy_division_sign		divide
🟰	Symbols	heavy_equals_sign		heavy equals sign
♾️	Symbols	infinity		infinity
‼️	Symbols	bangbang		double exclamation mark
⁉️	Symbols	interrobang		exclamation question mark
❓	Symbols	question	confused	red question mark
❔	Symbols	grey_question		white question mark
❕	Symbols	grey_exclamation		white exclamation mark
❗	Symbols	exclamation heavy_exclamation_mark	bang	red exclamation mark
〰️	Symbols	wavy_dash		wavy dash
💱	Symbols	currency_exchange		currency exchange
💲	Symbols	heavy_dollar_sign		heavy dollar sign
⚕️	Symbols	medical_symbol		medical symbol
♻️	Symbols	recycle	environment green	recycling symbol
⚜️	Symbols	fleur_de_lis		fleur-de-lis
🔱	Symbols	trident		trident emblem
📛	Symbols	name_badge		name badge
🔰	Symbols	beginner		Japanese symbol for beginner
⭕	Symbols	o		hollow red circle
✅	Symbols	white_check_mark		check mark button
☑️	Symbols	ballot_box_with_check		check box with check
✔️	Symbols	heavy_check_mark		check mark
❌	Symbols	x		cross mark
❎	Symbols	negative_squared_cross_mark		cross mark button
➰	Symbols	curly_loop		curly loop
➿	Symbols	loop		double curly loop
〽️	Symbols	part_alternation_mark		part alternation mark
✳️	Symbols	eight_spoked_asterisk		eight-spoked asterisk
✴️	Symbols	eight_pointed_black_star		eight-pointed star
❇️	Symbols	sparkle		sparkle
©️	Symbols	copyright		copyright
®️	Symbols	registered		registered
™️	Symbols	tm	trademark	trade mark
#️⃣	Symbols	hash	number	keycap: #
*️⃣	Symbols	asterisk		keycap: *
0️⃣	Symbols	zero		keycap: 0
1️⃣	Symbols	one		keycap: 1
2️⃣	Symbols	two		keycap: 2
3️⃣	Symbols	three		keycap: 3
4️⃣	Symbols	four		keycap: 4
5️⃣	Symbols	five		keycap: 5
6️⃣	Symbols	six		keycap: 6
7️⃣	Symbols	seven		keycap: 7
8️⃣	Symbols	eight		keycap: 8
9️⃣	Symbols	nine		keycap: 9
🔟	Symbols	keycap_ten		keycap: 10
🔠	Symbols	capital_abcd	letters	input latin uppercase
🔡	Symbols	abcd		input latin lowercase
🔢	Symbols	1234	numbers	input numbers
🔣	Symbols	symbols		input symbols
🔤	Symbols	abc	alphabet	input latin letters
🅰️	Symbols	a		A button (blood type)
🆎	Symbols	ab		AB button (blood type)
🅱️	Symbols	b		B button (blood type)
🆑	Symbols	cl		CL button
🆒	Symbols	cool		COOL button
🆓	Symbols	free		FREE button
ℹ️	Symbols	information_source		information
🆔	Symbols	id		ID button
Ⓜ️	Symbols	m		circled M
🆕	Symbols	new	fresh	NEW button
🆖	Symbols	ng		NG button
🅾️	Symbols	o2		O button (blood type)
🆗	Symbols	ok	yes	OK button
🅿️	Symbols	parking		P button
🆘	Symbols	sos	help emergency	SOS button
🆙	Symbols	up		UP! button
🆚	Symbols	vs		VS button
🈁	Symbols	koko		Japanese “here” button
🈂️	Symbols	sa		Japanese “service charge” button
🈷️	Symbols	u6708		Japanese “monthly amount” button
🈶	Symbols	u6709		Japanese “not free of charge” button
🈯	Symbols	u6307		Japanese “reserved” button
🉐	Symbols	ideograph_advantage		Japanese “bargain” button
🈹	Symbols	u5272		Japanese “discount” button
🈚	Symbols	u7121		Japanese “free of charge” button
🈲	Symbols	u7981		Japanese “prohibited” button
🉑	Symbols	accept		Japanese “acceptable” button
🈸	Symbols	u7533		Japanese “application” button
🈴	Symbols	u5408		Japanese “passing grade” button
🈳	Symbols	u7a7a		Japanese “vacancy” button
㊗️	Symbols	congratulations		Japanese “congratulations” button
㊙️	Symbols	secret		Japanese “secret” button
🈺	Symbols	u55b6		Japanese “open for business” button
🈵	Symbols	u6e80		Japanese “no vacancy” button
🔴	Symbols	red_circle		red circle
🟠	Symbols	orange_circle		orange circle
🟡	Symbols	yellow_circle		yellow circle
🟢	Symbols	green_circle		green circle
🔵	Symbols	large_blue_circle		blue circle
🟣	Symbols	purple_circle		purple circle
🟤	Symbols	brown_circle		brown circle
⚫	Symbols	black_circle		black circle
⚪	Symbols	white_circle		white circle
🟥	Symbols	red_square		red square
🟧	Symbols	orange_square		orange square
🟨	Symbols	yellow_square		yellow square
🟩	Symbols	green_square		green square
🟦	Symbols	blue_square		blue square
🟪	Symbols	purple_square		purple square
🟫	Symbols	brown_square		brown square
⬛	Symbols	black_large_square		black large square
⬜	Symbols	white_large_square		white large square
◼️	Symbols	black_medium_square		black medium square
◻️	Symbols	white_medium_square		white medium square
◾	Symbols	black_medium_small_square		black medium-small square
◽	Symbols	white_medium_small_square		white medium-small square
▪️	Symbols	black_small_square		black small square
▫️	Symbols	white_small_square		white small square
🔶	Symbols	large_orange_diamond		large orange diamond
🔷	Symbols	large_blue_diamond		large blue diamond
🔸	Symbols	small_orange_diamond		small orange diamond
🔹	Symbols	small_blue_diamond		small blue diamond
🔺	Symbols	small_red_triangle		red triangle pointed up
🔻	Symbols	small_red_triangle_down		red triangle pointed down
💠	Symbols	diamond_shape_with_a_dot_inside		diamond with a dot
🔘	Symbols	radio_button		radio button
🔳	Symbols	white_square_button		white square button
🔲	Symbols	black_square_button		black square button
🏁	Flags	checkered_flag	milestone finish	chequered flag
🚩	Flags	triangular_flag_on_post		triangular flag
🎌	Flags	crossed_flags		crossed flags
🏴	Flags	black_flag		black flag
🏳️	Flags	white_flag		white flag
🏳️‍🌈	Flags	rainbow_flag	pride	rainbow flag
🏳️‍⚧️	Flags	transgender_flag		transgender flag
🏴‍☠️	Flags	pirate_flag		pirate flag
🇦🇨	Flags	ascension_island		flag: Ascension Island
🇦🇩	Flags	andorra		flag: Andorra
🇦🇪	Flags	united_arab_emirates		flag: United Arab Emirates
🇦🇫	Flags	afghanistan		flag: Afghanistan
🇦🇬	Flags	antigua_barbuda		flag: Antigua & Barbuda
🇦🇮	Flags	anguilla		flag: Anguilla
🇦🇱	Flags	albania		flag: Albania
🇦🇲	Flags	armenia		flag: Armenia
🇦🇴	Flags	angola		flag: Angola
🇦🇶	Flags	antarctica		flag: Antarctica
🇦🇷	Flags	argentina		flag: Argentina
🇦🇸	Flags	american_samoa		flag: American Samoa
🇦🇹	Flags	austria		flag: Austria
🇦🇺	Flags	australia		flag: Australia
🇦🇼	Flags	aruba		flag: Aruba
🇦🇽	Flags	aland_islands		flag: Åland Islands
🇦🇿	Flags	azerbaijan		flag: Azerbaijan
🇧🇦	Flags	bosnia_herzegovina		flag: Bosnia & Herzegovina
🇧🇧	Flags	barbados		flag: Barbados
🇧🇩	Flags	bangladesh		flag: Bangladesh
🇧🇪	Flags	belgium		flag: Belgium
🇧🇫	Flags	burkina_faso		flag: Burkina Faso
🇧🇬	Flags	bulgaria		flag: Bulgaria
🇧🇭	Flags	bahrain		flag: Bahrain
🇧🇮	Flags	burundi		flag: Burundi
🇧🇯	Flags	benin		flag: Benin
🇧🇱	Flags	st_barthelemy		flag: St. Barthélemy
🇧🇲	Flags	bermuda		flag: Bermuda
🇧🇳	Flags	brunei		flag: Brunei
🇧🇴	Flags	bolivia		flag: Bolivia
🇧🇶	Flags	caribbean_netherlands		flag: Caribbean Netherlands
🇧🇷	Flags	brazil		flag: Brazil
🇧🇸	Flags	bahamas		flag: Bahamas
🇧🇹	Flags	bhutan		flag: Bhutan
🇧🇻	Flags	bouvet_island		flag: Bouvet Island
🇧🇼	Flags	botswana		flag: Botswana
🇧🇾	Flags	belarus		flag: Belarus
🇧🇿	Flags	belize		flag: Belize
🇨🇦	Flags	canada		flag: Canada
🇨🇨	Flags	cocos_islands	keeling	flag: Cocos (Keeling) Islands
🇨🇩	Flags	congo_kinshasa		flag: Congo - Kinshasa
🇨🇫	Flags	central_african_republic		flag: Central African Republic
🇨🇬	Flags	congo_brazzaville		flag: Congo - Brazzaville
🇨🇭	Flags	switzerland		flag: Switzerland
🇨🇮	Flags	cote_divoire	ivory	flag: Côte d’Ivoire
🇨🇰	Flags	cook_islands		flag: Cook Islands
🇨🇱	Flags	chile		flag: Chile
🇨🇲	Flags	cameroon		flag: Cameroon
🇨🇳	Flags	cn	china	flag: China
🇨🇴	Flags	colombia		flag: Colombia
🇨🇵	Flags	clipperton_island		flag: Clipperton Island
🇨🇷	Flags	costa_rica		flag: Costa Rica
🇨🇺	Flags	cuba		flag: Cuba
🇨🇻	Flags	cape_verde		flag: Cape Verde
🇨🇼	Flags	curacao		flag: Curaçao
🇨🇽	Flags	christmas_island		flag: Christmas Island
🇨🇾	Flags	cyprus		flag: Cyprus
🇨🇿	Flags	czech_republic		flag: Czechia
🇩🇪	Flags	de	flag germany	flag: Germany
🇩🇬	Flags	diego_garcia		flag: Diego Garcia
🇩🇯	Flags	djibouti		flag: Djibouti
🇩🇰	Flags	denmark		flag: Denmark
🇩🇲	Flags	dominica		flag: Dominica
🇩🇴	Flags	dominican_republic		flag: Dominican Republic
🇩🇿	Flags	algeria		flag: Algeria
🇪🇦	Flags	ceuta_melilla		flag: Ceuta & Melilla
🇪🇨	Flags	ecuador		flag: Ecuador
🇪🇪	Flags	estonia		flag: Estonia
🇪🇬	Flags	egypt		flag: Egypt
🇪🇭	Flags	western_sahara		flag: Western Sahara
🇪🇷	Flags	eritrea		flag: Eritrea
🇪🇸	Flags	es	spain	flag: Spain
🇪🇹	Flags	ethiopia		flag: Ethiopia
🇪🇺	Flags	eu european_union		flag: European Union
🇫🇮	Flags	finland		flag: Finland
🇫🇯	Flags	fiji		flag: Fiji
🇫🇰	Flags	falkland_islands		flag: Falkland Islands
🇫🇲	Flags	micronesia		flag: Micronesia
🇫🇴	Flags	faroe_islands		flag: Faroe Islands
🇫🇷	Flags	fr	france french	flag: France
🇬🇦	Flags	gabon		flag: Gabon
🇬🇧	Flags	gb uk	flag british	flag: United Kingdom
🇬🇩	Flags	grenada		flag: Grenada
🇬🇪	Flags	georgia		flag: Georgia
🇬🇫	Flags	french_guiana		flag: French Guiana
🇬🇬	Flags	guernsey		flag: Guernsey
🇬🇭	Flags	ghana		flag: Ghana
🇬🇮	Flags	gibraltar		flag: Gibraltar
🇬🇱	Flags	greenland		flag: Greenland
🇬🇲	Flags	gambia		flag: Gambia
🇬🇳	Flags	guinea		flag: Guinea
🇬🇵	Flags	guadeloupe		flag: Guadeloupe
🇬🇶	Flags	equatorial_guinea		flag: Equatorial Guinea
🇬🇷	Flags	greece		flag: Greece
🇬🇸	Flags	south_georgia_south_sandwich_islands		flag: South Georgia & South Sandwich Islands
🇬🇹	Flags	guatemala		flag: Guatemala
🇬🇺	Flags	guam		flag: Guam
🇬🇼	Flags	guinea_bissau		flag: Guinea-Bissau
🇬🇾	Flags	guyana		flag: Guyana
🇭🇰	Flags	hong_kong		flag: Hong Kong SAR China
🇭🇲	Flags	heard_mcdonald_islands		flag: Heard & McDonald Islands
🇭🇳	Flags	honduras		flag: Honduras
🇭🇷	Flags	croatia		flag: Croatia
🇭🇹	Flags	haiti		flag: Haiti
🇭🇺	Flags	hungary		flag: Hungary
🇮🇨	Flags	canary_islands		flag: Canary Islands
🇮🇩	Flags	indonesia		flag: Indonesia
🇮🇪	Flags	ireland		flag: Ireland
🇮🇱	Flags	israel		flag: Israel
🇮🇲	Flags	isle_of_man		flag: Isle of Man
🇮🇳	Flags	india		flag: India
🇮🇴	Flags	british_indian_ocean_territory		flag: British Indian Ocean Territory
🇮🇶	Flags	iraq		flag: Iraq
🇮🇷	Flags	iran		flag: Iran
🇮🇸	Flags	iceland		flag: Iceland
🇮🇹	Flags	it	italy	flag: Italy
🇯🇪	Flags	jersey		flag: Jersey
🇯🇲	Flags	jamaica		flag: Jamaica
🇯🇴	Flags	jordan		flag: Jordan
🇯🇵	Flags	jp	japan	flag: Japan
🇰🇪	Flags	kenya		flag: Kenya
🇰🇬	Flags	kyrgyzstan		flag: Kyrgyzstan
🇰🇭	Flags	cambodia		flag: Cambodia
🇰🇮	Flags	kiribati		flag: Kiribati
🇰🇲	Flags	comoros		flag: Comoros
🇰🇳	Flags	st_kitts_nevis		flag: St. Kitts & Nevis
🇰🇵	Flags	north_korea		flag: North Korea
🇰🇷	Flags	kr	korea	flag: South Korea
🇰🇼	Flags	kuwait		flag: Kuwait
🇰🇾	Flags	cayman_islands		flag: Cayman Islands
🇰🇿	Flags	kazakhstan		flag: Kazakhstan
🇱🇦	Flags	laos		flag: Laos
🇱🇧	Flags	lebanon		flag: Lebanon
🇱🇨	Flags	st_lucia		flag: St. Lucia
🇱🇮	Flags	liechtenstein		flag: Liechtenstein
🇱🇰	Flags	sri_lanka		flag: Sri Lanka
🇱🇷	Flags	liberia		flag: Liberia
🇱🇸	Flags	lesotho		flag: Lesotho
🇱🇹	Flags	lithuania		flag: Lithuania
🇱🇺	Flags	luxembourg		flag: Luxembourg
🇱🇻	Flags	latvia		flag: Latvia
🇱🇾	Flags	libya		flag: Libya
🇲🇦	Flags	morocco		flag: Morocco
🇲🇨	Flags	monaco		flag: Monaco
🇲🇩	Flags	moldova		flag: Moldova
🇲🇪	Flags	montenegro		flag: Montenegro
🇲🇫	Flags	st_martin		flag: St. Martin
🇲🇬	Flags	madagascar		flag: Madagascar
🇲🇭	Flags	marshall_islands		flag: Marshall Islands
🇲🇰	Flags	macedonia		flag: North Macedonia
🇲🇱	Flags	mali		flag: Mali
🇲🇲	Flags	myanmar	burma	flag: Myanmar (Burma)
🇲🇳	Flags	mongolia		flag: Mongolia
🇲🇴	Flags	macau		flag: Macao SAR China
🇲🇵	Flags	northern_mariana_islands		flag: Northern Mariana Islands
🇲🇶	Flags	martinique		flag: Martinique
🇲🇷	Flags	mauritania		flag: Mauritania
🇲🇸	Flags	montserrat		flag: Montserrat
🇲🇹	Flags	malta		flag: Malta
🇲🇺	Flags	mauritius		flag: Mauritius
🇲🇻	Flags	maldives		flag: Maldives
🇲🇼	Flags	malawi		flag: Malawi
🇲🇽	Flags	mexico		flag: Mexico
🇲🇾	Flags	malaysia		flag: Malaysia
🇲🇿	Flags	mozambique		flag: Mozambique
🇳🇦	Flags	namibia		flag: Namibia
🇳🇨	Flags	new_caledonia		flag: New Caledonia
🇳🇪	Flags	niger		flag: Niger
🇳🇫	Flags	norfolk_island		flag: Norfolk Island
🇳🇬	Flags	nigeria		flag: Nigeria
🇳🇮	Flags	nicaragua		flag: Nicaragua
🇳🇱	Flags	netherlands		flag: Netherlands
🇳🇴	Flags	norway		flag: Norway
🇳🇵	Flags	nepal		flag: Nepal
🇳🇷	Flags	nauru		flag: Nauru
🇳🇺	Flags	niue		flag: Niue
🇳🇿	Flags	new_zealand		flag: New Zealand
🇴🇲	Flags	oman		flag: Oman
🇵🇦	Flags	panama		flag: Panama
🇵🇪	Flags	peru		flag: Peru
🇵🇫	Flags	french_polynesia		flag: French Polynesia
🇵🇬	Flags	papua_new_guinea		flag: Papua New Guinea
🇵🇭	Flags	philippines		flag: Philippines
🇵🇰	Flags	pakistan		flag: Pakistan
🇵🇱	Flags	poland		flag: Poland
🇵🇲	Flags	st_pierre_miquelon		flag: St. Pierre & Miquelon
🇵🇳	Flags	pitcairn_islands		flag: Pitcairn Islands
🇵🇷	Flags	puerto_rico		flag: Puerto Rico
🇵🇸	Flags	palestinian_territories		flag: Palestinian Territories
🇵🇹	Flags	portugal		flag: Portugal
🇵🇼	Flags	palau		flag: Palau
🇵🇾	Flags	paraguay		flag: Paraguay
🇶🇦	Flags	qatar		flag: Qatar
🇷🇪	Flags	reunion		flag: Réunion
🇷🇴	Flags	romania		flag: Romania
🇷🇸	Flags	serbia		flag: Serbia
🇷🇺	Flags	ru	russia	flag: Russia
🇷🇼	Flags	rwanda		flag: Rwanda
🇸🇦	Flags	saudi_arabia		flag: Saudi Arabia
🇸🇧	Flags	solomon_islands		flag: Solomon Islands
🇸🇨	Flags	seychelles		flag: Seychelles
🇸🇩	Flags	sudan		flag: Sudan
🇸🇪	Flags	sweden		flag: Sweden
🇸🇬	Flags	singapore		flag: Singapore
🇸🇭	Flags	st_helena		flag: St. Helena
🇸🇮	Flags	slovenia		flag: Slovenia
🇸🇯	Flags	svalbard_jan_mayen		flag: Svalbard & Jan Mayen
🇸🇰	Flags	slovakia		flag: Slovakia
🇸🇱	Flags	sierra_leone		flag: Sierra Leone
🇸🇲	Flags	san_marino		flag: San Marino
🇸🇳	Flags	senegal		flag: Senegal
🇸🇴	Flags	somalia		flag: Somalia
🇸🇷	Flags	suriname		flag: Suriname
🇸🇸	Flags	south_sudan		flag: South Sudan
🇸🇹	Flags	sao_tome_principe		flag: São Tomé & Príncipe
🇸🇻	Flags	el_salvador		flag: El Salvador
🇸🇽	Flags	sint_maarten		flag: Sint Maarten
🇸🇾	Flags	syria		flag: Syria
🇸🇿	Flags	swaziland		flag: Eswatini
🇹🇦	Flags	tristan_da_cunha		flag: Tristan da Cunha
🇹🇨	Flags	turks_caicos_islands		flag: Turks & Caicos Islands
🇹🇩	Flags	chad		flag: Chad
🇹🇫	Flags	french_southern_territories		flag: French Southern Territories
🇹🇬	Flags	togo		flag: Togo
🇹🇭	Flags	thailand		flag: Thailand
🇹🇯	Flags	tajikistan		flag: Tajikistan
🇹🇰	Flags	tokelau		flag: Tokelau
🇹🇱	Flags	timor_leste		flag: Timor-Leste
🇹🇲	Flags	turkmenistan		flag: Turkmenistan
🇹🇳	Flags	tunisia		flag: Tunisia
🇹🇴	Flags	tonga		flag: Tonga
🇹🇷	Flags	tr	turkey	flag: Turkey
🇹🇹	Flags	trinidad_tobago		flag: Trinidad & Tobago
🇹🇻	Flags	tuvalu		flag: Tuvalu
🇹🇼	Flags	taiwan		flag: Taiwan
🇹🇿	Flags	tanzania		flag: Tanzania
🇺🇦	Flags	ukraine		flag: Ukraine
🇺🇬	Flags	uganda		flag: Uganda
🇺🇲	Flags	us_outlying_islands		flag: U.S. Outlying Islands
🇺🇳	Flags	united_nations		flag: United Nations
🇺🇸	Flags	us	flag united america	flag: United States
🇺🇾	Flags	uruguay		flag: Uruguay
🇺🇿	Flags	uzbekistan		flag: Uzbekistan
🇻🇦	Flags	vatican_city		flag: Vatican City
🇻🇨	Flags	st_vincent_grenadines		flag: St. Vincent & Grenadines
🇻🇪	Flags	venezuela		flag: Venezuela
🇻🇬	Flags	british_virgin_islands		flag: British Virgin Islands
🇻🇮	Flags	us_virgin_islands		flag: U.S. Virgin Islands
🇻🇳	Flags	vietnam		flag: Vietnam
🇻🇺	Flags	vanuatu		flag: Vanuatu
🇼🇫	Flags	wallis_futuna		flag: Wallis & Futuna
🇼🇸	Flags	samoa		flag: Samoa
🇽🇰	Flags	kosovo		flag: Kosovo
🇾🇪	Flags	yemen		flag: Yemen
🇾🇹	Flags	mayotte		flag: Mayotte
🇿🇦	Flags	south_africa		flag: South Africa
🇿🇲	Flags	zambia		flag: Zambia
🇿🇼	Flags	zimbabwe		flag: Zimbabwe
🏴󠁧󠁢󠁥󠁮󠁧󠁿	Flags	england		flag: England
🏴󠁧󠁢󠁳󠁣󠁴󠁿	Flags	scotland		flag: Scotland
🏴󠁧󠁢󠁷󠁬󠁳󠁿	Flags	wales		flag: Wales
